Date,UserName,Compound
2017-12-01,CNNMoney,0.0516
2017-12-01,WSJ Markets,0.0258
2017-12-01,CNBC,-0.5334
2017-12-01,CNBC,0.4404
2017-12-01,Financial Times,0.128
2017-12-01,CNNMoney,-0.1531
2017-12-01,CNBC,0.5106
2017-12-01,WSJ Markets,0.4588
2017-12-01,Financial Times,0.1531
2017-12-01,Bloomberg Markets,0.5994
2017-12-01,CNNMoney,0.3612
2017-12-01,Justin Wolfers,0.9152
2017-12-01,Financial Times,0.6705
2017-12-01,Justin Wolfers,0.4748
2017-12-01,CNBC,0.4215
2017-12-01,Paul Krugman,-0.4215
2017-12-01,Bloomberg Markets,-0.2732
2017-12-01,CNBC,-0.296
2017-12-01,Financial Times,0.0258
2017-12-01,CNNMoney,0.6908
2017-12-01,Financial Times,0.3818
2017-12-01,WSJ Markets,0.4215
2017-12-01,Bloomberg Markets,0.4404
2017-12-01,Justin Wolfers,0.3612
2017-12-01,CNBC,0.1114
2017-12-01,WSJ Markets,0.3612
2017-12-01,Jim Cramer,-0.1877
2017-12-01,Jim Cramer,0.1027
2017-12-01,WSJ Markets,0.25
2017-12-01,CNBC,0.4215
2017-12-01,CNBC,0.1779
2017-12-01,CNBC,0.6369
2017-12-01,WSJ Markets,0.3612
2017-12-01,CNNMoney,-0.1027
2017-12-01,WSJ Markets,0.0772
2017-12-01,Bloomberg Markets,-0.1531
2017-12-01,CNNMoney,-0.5423
2017-12-01,WSJ Markets,0.7783
2017-12-01,CNBC,-0.6808
2017-12-01,Financial Times,0.4019
2017-12-01,CNNMoney,-0.7906
2017-12-01,Bloomberg Markets,-0.4404
2017-12-01,CNBC,0.4019
2017-12-01,Financial Times,0.6369
2017-12-01,Financial Times,-0.1027
2017-12-01,Financial Times,0.1779
2017-12-01,CNNMoney,0.2023
2017-12-01,CNBC,-0.2732
2017-12-01,CNBC,0.1779
2017-12-01,WSJ Markets,0.4588
2017-12-01,Bloomberg Markets,0.2023
2017-12-01,CNNMoney,0.4588
2017-12-01,CNBC,0.5777
2017-12-01,Financial Times,-0.0516
2017-12-01,CNBC,0.4019
2017-12-01,CNBC,-0.3818
2017-12-01,CNBC,0.3612
2017-12-01,Bloomberg Markets,-0.6542
2017-12-01,WSJ Markets,-0.4215
2017-12-01,Bloomberg Markets,0.6361
2017-12-01,CNBC,0.5927
2017-12-01,CNNMoney,0.6249
2017-12-01,WSJ Markets,0.7783
2017-12-01,Bloomberg Markets,-0.296
2017-12-01,Financial Times,-0.8519
2017-12-01,WSJ Markets,0.25
2017-12-01,Financial Times,0.1531
2017-12-01,CNBC,0.1027
2017-12-01,CNBC,-0.2732
2017-12-01,CNBC,0.6124
2017-12-01,CNNMoney,-0.4019
2017-12-01,CNNMoney,0.3818
2017-12-01,Financial Times,-0.1027
2017-12-01,Financial Times,0.7783
2017-12-01,Bloomberg Markets,-0.2732
2017-12-01,Jim Cramer,-0.1254
2017-12-01,Jim Cramer,-0.4215
2017-12-01,Jim Cramer,0.4926
2017-12-01,CNNMoney,0.3415
2017-12-01,Financial Times,-0.3182
2017-12-01,Financial Times,0.6858
2017-12-01,Financial Times,-0.34
2017-12-01,Bloomberg Markets,0.3182
2017-12-01,CNBC,-0.2732
2017-12-01,Bloomberg Markets,-0.296
2017-12-01,Financial Times,-0.3612
2017-12-01,Financial Times,0.5106
2017-12-01,Bloomberg Markets,-0.2292
2017-12-01,CNBC,-0.0516
2017-12-01,Financial Times,0.3612
2017-12-01,WSJ Markets,0.3612
2017-12-01,CNBC,0.4019
2017-12-01,CNNMoney,0.5719
2017-12-01,WSJ Markets,0.128
2017-12-01,Financial Times,-0.5423
2017-12-01,WSJ Markets,-0.5927
2017-12-01,Jim Cramer,-0.296
2017-12-01,Bloomberg Markets,-0.5267
2017-12-01,WSJ Markets,0.5106
2017-12-01,Financial Times,0.5106
2017-12-01,WSJ Markets,0.3612
2017-12-01,Financial Times,0.6369
2017-12-01,WSJ Markets,0.4404
2017-12-01,Financial Times,0.6369
2017-12-01,CNBC,0.4404
2017-12-01,CNBC,0.25
2017-12-01,Bloomberg Markets,0.2023
2017-12-01,Financial Times,-0.6249
2017-12-01,Financial Times,0.3818
2017-12-01,Financial Times,0.5106
2017-12-01,CNBC,0.296
2017-12-01,WSJ Markets,-0.296
2017-12-01,The Motley Fool,0.3612
2017-12-01,Financial Times,-0.2023
2017-12-01,Financial Times,-0.296
2017-12-01,Financial Times,0.0772
2017-12-01,WSJ Markets,0.1655
2017-12-01,Bloomberg Markets,-0.3818
2017-12-01,Financial Times,0.3182
2017-12-01,CNBC,0.6705
2017-12-01,WSJ Markets,0.5707
2017-12-01,Jim Cramer,0.0772
2017-12-01,Bloomberg Markets,-0.3612
2017-12-01,CNBC,0.4588
2017-12-01,Bloomberg Markets,0.1027
2017-12-01,Financial Times,0.2023
2017-12-01,CNBC,0.6249
2017-12-01,CNBC,0.4019
2017-12-01,CNBC,0.6249
2017-12-01,CNNMoney,-0.4215
2017-12-01,CNBC,0.1531
2017-12-01,Jim Cramer,0.6249
2017-12-01,CNBC,-0.7351
2017-12-01,CNBC,-0.2732
2017-12-01,Jim Cramer,0.25
2017-12-01,WSJ Markets,0.0572
2017-12-01,Paul Krugman,0.0258
2017-12-01,Financial Times,-0.6369
2017-12-01,Paul Krugman,0.7506
2017-12-01,CNBC,0.0772
2017-12-01,Financial Times,0.2023
2017-12-01,CNNMoney,0.5859
2017-12-01,Financial Times,0.7402
2017-12-01,Justin Wolfers,-0.6908
2017-12-01,CNBC,-0.4588
2017-12-01,CNBC,0.5106
2017-12-01,CNBC,-0.4019
2017-12-01,CNBC,0.5574
2017-12-01,Financial Times,-0.2732
2017-12-01,CNBC,-0.1531
2017-12-01,CNBC,0.296
2017-12-01,The Motley Fool,0.4404
2017-12-01,Bloomberg Markets,0.1027
2017-12-01,Bloomberg Markets,0.1531
2017-12-01,CNBC,0.4019
2017-12-01,CNBC,-0.296
2017-12-01,WSJ Markets,0.6908
2017-12-01,CNBC,-0.5423
2017-12-01,CNBC,0.128
2017-12-01,Financial Times,-0.6369
2017-12-01,CNBC,0.4215
2017-12-01,Justin Wolfers,-0.7236
2017-12-01,CNBC,0.4939
2017-12-01,CNBC,0.4588
2017-12-01,Financial Times,0.2975
2017-12-01,Financial Times,0.6486
2017-12-01,Financial Times,-0.0516
2017-12-01,CNBC,-0.5423
2017-12-01,Jim Cramer,0.4199
2017-12-01,Financial Times,-0.4767
2017-12-01,Jim Cramer,-0.1759
2017-12-01,CNBC,0.2584
2017-12-01,Jim Cramer,0.6249
2017-12-01,CNBC,0.4019
2017-12-01,WSJ Markets,-0.4215
2017-12-01,CNBC,0.3182
2017-12-01,Paul Krugman,0.3634
2017-12-01,CNNMoney,0.4019
2017-12-01,WSJ Markets,0.0772
2017-12-01,CNBC,0.4939
2017-12-01,Financial Times,0.4019
2017-12-01,Financial Times,0.4019
2017-12-01,Financial Times,-0.2732
2017-12-01,CNBC,-0.3818
2017-12-01,CNNMoney,0.2263
2017-12-01,CNBC,-0.4588
2017-12-01,CNBC,0.128
2017-12-01,Bloomberg Markets,0.0772
2017-12-01,CNBC,0.6369
2017-12-01,CNBC,-0.4215
2017-12-01,CNBC,-0.0772
2017-12-01,CNBC,0.0734
2017-12-01,Financial Times,0.2732
2017-12-01,The Motley Fool,0.4019
2017-12-01,CNBC,-0.5574
2017-12-01,CNBC,-0.5859
2017-12-01,Financial Times,-0.4404
2017-12-01,CNBC,-0.8658
2017-12-01,CNBC,-0.3612
2017-12-01,CNNMoney,0.2263
2017-12-01,Financial Times,-0.8225
2017-12-01,CNBC,0.1263
2017-12-01,CNBC,0.6249
2017-12-01,Paul Krugman,0.7096
2017-12-01,Paul Krugman,-0.8171
2017-12-01,Paul Krugman,-0.5423
2017-12-01,Paul Krugman,-0.2732
2017-12-01,CNBC,-0.0772
2017-12-01,Financial Times,-0.4215
2017-12-01,WSJ Markets,-0.4588
2017-12-01,CNBC,-0.1779
2017-12-01,Financial Times,-0.128
2017-12-01,WSJ Markets,0.5707
2017-12-01,Financial Times,-0.296
2017-12-01,Justin Wolfers,0.6808
2017-12-01,CNBC,0.1531
2017-12-01,Jim Cramer,0.0772
2017-12-01,Financial Times,-0.4767
2017-12-01,The Motley Fool,0.8225
2017-12-01,WSJ Markets,0.4019
2017-12-01,CNBC,0.1531
2017-12-01,CNBC,0.0754
2017-12-01,WSJ Markets,0.3818
2017-12-01,CNBC,0.8807
2017-12-01,Bloomberg Markets,-0.1027
2017-12-01,CNBC,0.6486
2017-12-01,WSJ Markets,-0.1027
2017-12-01,WSJ Markets,0.3612
2017-12-01,CNNMoney,0.3818
2017-12-01,WSJ Markets,-0.4019
2017-12-01,CNBC,0.8176
2017-12-01,CNBC,0.34
2017-12-01,CNBC,0.3818
2017-12-01,WSJ Markets,-0.3818
2017-12-01,Financial Times,-0.4019
2017-12-01,CNBC,-0.1779
2017-12-01,WSJ Markets,-0.5719
2017-12-01,Financial Times,0.34
2017-12-01,Bloomberg Markets,0.4588
2017-12-01,CNNMoney,0.3898
2017-12-01,CNBC,-0.296
2017-12-01,WSJ Markets,0.0572
2017-12-01,Financial Times,0.4215
2017-12-01,Bloomberg Markets,0.4588
2017-12-01,CNBC,-0.7351
2017-12-01,WSJ Markets,0.34
2017-12-01,CNBC,-0.4215
2017-12-01,CNBC,0.0754
2017-12-01,CNNMoney,-0.7506
2017-12-01,Paul Krugman,-0.3658
2017-12-01,Financial Times,-0.7351
2017-12-01,Financial Times,-0.4215
2017-12-01,Bloomberg Markets,-0.1531
2017-12-01,CNBC,0.6249
2017-12-01,CNBC,-0.6908
2017-12-01,CNBC,-0.5423
2017-12-01,Jim Cramer,-0.5106
2017-12-01,WSJ Markets,0.0772
2017-12-01,CNBC,0.6908
2017-12-01,Paul Krugman,0.5994
2017-12-01,CNNMoney,0.6801
2017-12-01,CNBC,0.1154
2017-12-01,CNNMoney,-0.1139
2017-12-01,CNBC,-0.1531
2017-12-01,The Motley Fool,0.69
2017-12-01,Financial Times,0.5267
2017-12-01,CNBC,-0.2212
2017-12-01,Bloomberg Markets,0.5106
2017-12-01,CNNMoney,0.5859
2017-12-01,WSJ Markets,-0.3818
2017-12-01,CNNMoney,-0.5267
2017-12-01,Jim Cramer,0.4199
2017-12-01,WSJ Markets,0.0772
2017-12-01,CNBC,0.6369
2017-12-01,CNBC,0.5994
2017-12-01,CNBC,0.6369
2017-12-01,Bloomberg Markets,-0.7506
2017-12-01,CNBC,-0.2212
2017-12-01,WSJ Markets,0.5106
2017-12-01,WSJ Markets,0.3612
2017-12-01,CNNMoney,0.7003
2017-12-01,WSJ Markets,0.5707
2017-12-01,Justin Wolfers,0.1531
2017-12-01,CNBC,-0.6478
2017-12-01,CNBC,0.4588
2017-12-01,CNBC,0.128
2017-12-01,CNBC,0.4767
2017-12-01,CNBC,0.34
2017-12-01,WSJ Markets,-0.4019
2017-12-01,CNBC,-0.4404
2017-12-01,WSJ Markets,0.5789
2017-12-01,CNNMoney,0.4019
2017-12-01,CNBC,-0.1027
2017-12-02,Jim Cramer,0.4199
2017-12-02,Jim Cramer,0.3987
2017-12-02,CNNMoney,0.128
2017-12-02,CNBC,-0.0258
2017-12-02,WSJ Markets,-0.296
2017-12-02,WSJ Markets,0.5789
2017-12-02,CNBC,0.2023
2017-12-02,The Motley Fool,-0.4404
2017-12-02,WSJ Markets,0.4019
2017-12-02,WSJ Markets,-0.3818
2017-12-02,CNNMoney,0.3818
2017-12-02,CNBC,-0.3818
2017-12-02,The Motley Fool,0.2732
2017-12-02,CNNMoney,0.6597
2017-12-02,CNNMoney,-0.3197
2017-12-02,WSJ Markets,0.4404
2017-12-02,CNBC,0.4019
2017-12-02,CNBC,0.5994
2017-12-02,CNNMoney,-0.3353
2017-12-02,CNNMoney,0.4215
2017-12-02,CNBC,-0.34
2017-12-02,CNBC,0.5859
2017-12-02,Financial Times,0.3182
2017-12-02,CNNMoney,0.128
2017-12-02,Bloomberg Markets,-0.3566
2017-12-02,WSJ Markets,-0.296
2017-12-02,CNBC,-0.0772
2017-12-02,Justin Wolfers,0.4215
2017-12-02,WSJ Markets,0.5707
2017-12-02,The Motley Fool,0.34
2017-12-02,CNNMoney,0.6597
2017-12-02,Bloomberg Markets,-0.34
2017-12-02,Justin Wolfers,-0.6124
2017-12-02,Bloomberg Markets,0.6369
2017-12-02,WSJ Markets,0.0772
2017-12-02,Paul Krugman,0.3724
2017-12-02,Paul Krugman,0.6705
2017-12-02,Paul Krugman,0.5859
2017-12-02,Paul Krugman,0.6597
2017-12-02,Paul Krugman,0.836
2017-12-02,WSJ Markets,-0.4019
2017-12-02,Paul Krugman,0.6059
2017-12-02,Paul Krugman,-0.0023
2017-12-02,WSJ Markets,0.3818
2017-12-02,WSJ Markets,-0.3818
2017-12-02,CNBC,-0.7783
2017-12-02,CNNMoney,-0.7096
2017-12-02,Financial Times,0.5859
2017-12-02,CNNMoney,0.802
2017-12-02,Bloomberg Markets,0.1531
2017-12-02,Financial Times,-0.1779
2017-12-02,CNBC,0.0772
2017-12-02,CNBC,0.4019
2017-12-02,CNNMoney,-0.3818
2017-12-02,CNBC,0.1326
2017-12-02,CNNMoney,0.3818
2017-12-02,Financial Times,-0.296
2017-12-02,Bloomberg Markets,0.25
2017-12-02,CNBC,-0.4023
2017-12-02,The Motley Fool,0.8807
2017-12-02,CNNMoney,0.4019
2017-12-02,WSJ Markets,-0.4939
2017-12-02,CNBC,0.6124
2017-12-02,CNBC,0.1779
2017-12-02,WSJ Markets,0.5106
2017-12-02,WSJ Markets,0.5499
2017-12-02,WSJ Markets,-0.4939
2017-12-02,The Motley Fool,-0.507
2017-12-02,CNNMoney,0.4939
2017-12-02,WSJ Markets,-0.4215
2017-12-02,CNBC,0.1779
2017-12-02,WSJ Markets,0.3612
2017-12-02,WSJ Markets,0.5707
2017-12-02,Justin Wolfers,0.5434
2017-12-02,CNNMoney,0.2411
2017-12-02,CNNMoney,-0.0258
2017-12-02,CNNMoney,-0.3818
2017-12-02,WSJ Markets,-0.3818
2017-12-02,WSJ Markets,0.2023
2017-12-02,CNNMoney,-0.7007
2017-12-02,WSJ Markets,0.5789
2017-12-02,WSJ Markets,0.4019
2017-12-03,Justin Wolfers,0.6908
2017-12-03,CNNMoney,0.4939
2017-12-03,CNNMoney,-0.4404
2017-12-03,CNNMoney,-0.5423
2017-12-03,Financial Times,-0.2235
2017-12-03,CNNMoney,0.4019
2017-12-03,CNNMoney,-0.1154
2017-12-03,CNNMoney,0.5719
2017-12-03,Bloomberg Markets,-0.4404
2017-12-03,Financial Times,-0.3818
2017-12-03,CNNMoney,0.3612
2017-12-03,CNNMoney,-0.3182
2017-12-03,CNNMoney,0.6705
2017-12-03,CNBC,0.0516
2017-12-03,CNBC,-0.0772
2017-12-03,Financial Times,-0.296
2017-12-03,CNNMoney,0.2732
2017-12-03,CNBC,-0.296
2017-12-03,Financial Times,0.6369
2017-12-03,Financial Times,0.4404
2017-12-03,WSJ Markets,0.3818
2017-12-03,Financial Times,0.1779
2017-12-03,CNNMoney,0.6369
2017-12-03,Paul Krugman,-0.765
2017-12-03,Paul Krugman,0.2732
2017-12-03,Financial Times,-0.1779
2017-12-03,WSJ Markets,0.2023
2017-12-03,CNNMoney,-0.9559
2017-12-03,CNBC,-0.4404
2017-12-03,Financial Times,-0.1027
2017-12-03,Paul Krugman,-0.5574
2017-12-03,CNBC,0.296
2017-12-03,Financial Times,0.296
2017-12-03,CNBC,-0.4019
2017-12-03,CNBC,0.2732
2017-12-03,Paul Krugman,0.4404
2017-12-03,CNNMoney,-0.802
2017-12-03,The Motley Fool,0.5927
2017-12-03,WSJ Markets,0.0772
2017-12-03,Financial Times,-0.7579
2017-12-03,CNBC,0.5267
2017-12-03,Financial Times,0.5574
2017-12-03,CNBC,0.296
2017-12-03,CNBC,0.4019
2017-12-03,WSJ Markets,-0.3818
2017-12-03,WSJ Markets,0.5499
2017-12-03,Financial Times,-0.3818
2017-12-03,WSJ Markets,-0.4939
2017-12-03,Paul Krugman,0.5189
2017-12-03,Financial Times,-0.4939
2017-12-03,WSJ Markets,-0.4215
2017-12-03,CNNMoney,-0.4019
2017-12-03,Financial Times,0.4019
2017-12-03,WSJ Markets,0.5106
2017-12-03,CNBC,0.5267
2017-12-03,Financial Times,-0.5267
2017-12-03,WSJ Markets,0.2023
2017-12-03,WSJ Markets,-0.8126
2017-12-03,Financial Times,0.4019
2017-12-03,Financial Times,-0.3612
2017-12-03,WSJ Markets,0.8481
2017-12-03,CNBC,0.4927
2017-12-03,CNNMoney,0.6369
2017-12-03,Paul Krugman,0.1513
2017-12-03,WSJ Markets,0.3612
2017-12-03,WSJ Markets,-0.4215
2017-12-03,Financial Times,-0.3182
2017-12-03,CNBC,-0.2263
2017-12-03,Paul Krugman,0.6808
2017-12-03,Paul Krugman,-0.5719
2017-12-03,Jim Cramer,0.8011
2017-12-03,Bloomberg Markets,0.6369
2017-12-03,WSJ Markets,0.8481
2017-12-03,CNNMoney,-0.296
2017-12-03,CNNMoney,-0.4404
2017-12-03,CNNMoney,0.5423
2017-12-03,WSJ Markets,0.2023
2017-12-03,CNBC,0.0258
2017-12-03,Justin Wolfers,-0.4404
2017-12-03,Bloomberg Markets,-0.4215
2017-12-04,WSJ Markets,-0.8126
2017-12-04,CNNMoney,-0.3818
2017-12-04,Financial Times,-0.1027
2017-12-04,Financial Times,-0.4215
2017-12-04,CNBC,0.4019
2017-12-04,Justin Wolfers,-0.296
2017-12-04,Bloomberg Markets,-0.25
2017-12-04,Financial Times,-0.1531
2017-12-04,CNNMoney,0.3818
2017-12-04,Bloomberg Markets,0.4588
2017-12-04,Financial Times,0.2263
2017-12-04,Financial Times,-0.296
2017-12-04,CNBC,-0.1531
2017-12-04,Bloomberg Markets,0.4019
2017-12-04,CNBC,0.5319
2017-12-04,Bloomberg Markets,0.6597
2017-12-04,WSJ Markets,0.8481
2017-12-04,CNBC,-0.2732
2017-12-04,Financial Times,-0.128
2017-12-04,CNNMoney,-0.2023
2017-12-04,Financial Times,-0.1027
2017-12-04,Financial Times,-0.296
2017-12-04,Financial Times,0.2023
2017-12-04,CNBC,0.4404
2017-12-04,Bloomberg Markets,-0.2023
2017-12-04,Financial Times,-0.4767
2017-12-04,Financial Times,-0.3818
2017-12-04,CNBC,-0.4404
2017-12-04,Financial Times,-0.3612
2017-12-04,Financial Times,-0.1027
2017-12-04,CNNMoney,-0.0772
2017-12-04,Financial Times,-0.1779
2017-12-04,Financial Times,-0.1027
2017-12-04,Bloomberg Markets,-0.0772
2017-12-04,Financial Times,-0.3612
2017-12-04,Bloomberg Markets,-0.1027
2017-12-04,CNBC,-0.6369
2017-12-04,WSJ Markets,-0.4215
2017-12-04,CNBC,0.7003
2017-12-04,WSJ Markets,-0.8126
2017-12-04,Bloomberg Markets,0.4019
2017-12-04,CNNMoney,0.1779
2017-12-04,Financial Times,0.4019
2017-12-04,Bloomberg Markets,0.4588
2017-12-04,Bloomberg Markets,0.2732
2017-12-04,Financial Times,-0.296
2017-12-04,Financial Times,0.0516
2017-12-04,CNBC,-0.1027
2017-12-04,Bloomberg Markets,0.2263
2017-12-04,Financial Times,0.2023
2017-12-04,CNBC,0.4019
2017-12-04,CNBC,-0.2263
2017-12-04,Financial Times,-0.4767
2017-12-04,Jim Cramer,-0.6249
2017-12-04,Financial Times,-0.4404
2017-12-04,Financial Times,0.3818
2017-12-04,CNBC,0.8271
2017-12-04,Jim Cramer,0.4404
2017-12-04,Bloomberg Markets,0.3818
2017-12-04,CNNMoney,0.34
2017-12-04,Financial Times,-0.5994
2017-12-04,Financial Times,0.4019
2017-12-04,Financial Times,-0.128
2017-12-04,CNBC,0.0772
2017-12-04,Bloomberg Markets,-0.128
2017-12-04,Financial Times,-0.4215
2017-12-04,Financial Times,-0.5574
2017-12-04,Justin Wolfers,-0.7351
2017-12-04,WSJ Markets,0.2023
2017-12-04,Financial Times,0.34
2017-12-04,Bloomberg Markets,0.0772
2017-12-04,CNNMoney,0.5106
2017-12-04,Financial Times,-0.4404
2017-12-04,Bloomberg Markets,-0.4019
2017-12-04,CNBC,0.296
2017-12-04,Financial Times,0.0258
2017-12-04,CNBC,0.34
2017-12-04,CNBC,0.296
2017-12-04,WSJ Markets,-0.8126
2017-12-04,CNBC,0.3612
2017-12-04,Financial Times,0.3612
2017-12-04,CNBC,0.2732
2017-12-04,WSJ Markets,0.8481
2017-12-04,Financial Times,-0.1531
2017-12-04,Financial Times,-0.2263
2017-12-04,Financial Times,0.5106
2017-12-04,Financial Times,0.0772
2017-12-04,CNBC,-0.8481
2017-12-04,Bloomberg Markets,0.3612
2017-12-04,Paul Krugman,-0.765
2017-12-04,Paul Krugman,0.7693
2017-12-04,Financial Times,-0.3818
2017-12-04,The Motley Fool,0.4201
2017-12-04,CNBC,0.3612
2017-12-04,CNBC,0.34
2017-12-04,Jim Cramer,0.3818
2017-12-04,Bloomberg Markets,0.34
2017-12-04,CNBC,0.3818
2017-12-04,CNBC,0.4019
2017-12-04,CNBC,-0.1027
2017-12-04,CNBC,-0.5256
2017-12-04,WSJ Markets,-0.5037
2017-12-04,Financial Times,-0.2924
2017-12-04,WSJ Markets,-0.6249
2017-12-04,Jim Cramer,0.6768
2017-12-04,CNBC,-0.7506
2017-12-04,CNBC,0.3593
2017-12-04,CNNMoney,0.34
2017-12-04,Financial Times,-0.743
2017-12-04,WSJ Markets,-0.0772
2017-12-04,CNBC,0.4767
2017-12-04,CNNMoney,-0.4215
2017-12-04,WSJ Markets,0.2732
2017-12-04,Financial Times,0.4019
2017-12-04,Financial Times,-0.4939
2017-12-04,CNBC,0.3593
2017-12-04,Financial Times,-0.1531
2017-12-04,Financial Times,-0.2732
2017-12-04,CNBC,-0.2263
2017-12-04,Financial Times,-0.3818
2017-12-04,CNBC,-0.5994
2017-12-04,CNBC,-0.34
2017-12-04,CNBC,0.5719
2017-12-04,CNBC,-0.6369
2017-12-04,Financial Times,-0.2732
2017-12-04,CNBC,0.7783
2017-12-04,CNBC,0.1531
2017-12-04,CNNMoney,0.4939
2017-12-04,WSJ Markets,0.4215
2017-12-04,CNBC,0.1779
2017-12-04,CNBC,0.6369
2017-12-04,WSJ Markets,0.128
2017-12-04,Financial Times,0.296
2017-12-04,CNBC,-0.34
2017-12-04,CNBC,-0.7506
2017-12-04,CNBC,0.6369
2017-12-04,Financial Times,0.296
2017-12-04,Bloomberg Markets,0.34
2017-12-04,Financial Times,0.5719
2017-12-04,CNNMoney,-0.1027
2017-12-04,Financial Times,-0.5267
2017-12-04,CNBC,-0.4588
2017-12-04,CNBC,0.4019
2017-12-04,CNBC,-0.5994
2017-12-04,Financial Times,0.4767
2017-12-04,CNBC,-0.3612
2017-12-04,CNBC,-0.5267
2017-12-04,CNBC,0.1069
2017-12-04,Financial Times,0.2732
2017-12-04,CNBC,-0.7003
2017-12-04,Financial Times,-0.3612
2017-12-04,Bloomberg Markets,0.6597
2017-12-04,CNBC,0.5574
2017-12-04,Financial Times,-0.2732
2017-12-04,WSJ Markets,-0.8126
2017-12-04,CNBC,-0.3182
2017-12-04,Financial Times,0.5719
2017-12-04,CNBC,0.8625
2017-12-04,CNNMoney,0.8176
2017-12-04,CNBC,-0.5423
2017-12-04,CNBC,0.34
2017-12-04,CNBC,0.34
2017-12-04,WSJ Markets,0.8481
2017-12-04,CNBC,0.0516
2017-12-04,Financial Times,-0.5994
2017-12-04,WSJ Markets,0.4939
2017-12-04,CNBC,-0.3818
2017-12-04,CNBC,-0.5574
2017-12-04,WSJ Markets,-0.5037
2017-12-04,Bloomberg Markets,-0.1531
2017-12-04,Jim Cramer,0.4404
2017-12-04,CNBC,0.34
2017-12-04,WSJ Markets,-0.6249
2017-12-04,CNBC,0.4588
2017-12-04,Jim Cramer,0.4404
2017-12-04,CNBC,-0.6597
2017-12-04,CNBC,-0.6705
2017-12-04,Financial Times,0.3182
2017-12-04,CNBC,0.5984
2017-12-04,WSJ Markets,-0.4767
2017-12-04,CNNMoney,0.8271
2017-12-04,Bloomberg Markets,-0.7003
2017-12-04,WSJ Markets,0.4215
2017-12-04,CNBC,0.1779
2017-12-04,WSJ Markets,0.128
2017-12-04,Financial Times,-0.2263
2017-12-04,CNBC,-0.0018
2017-12-04,Bloomberg Markets,0.5267
2017-12-04,CNBC,-0.3818
2017-12-04,The Motley Fool,0.6705
2017-12-04,Financial Times,0.5994
2017-12-04,CNBC,-0.1027
2017-12-04,CNBC,0.6808
2017-12-04,Financial Times,-0.3818
2017-12-04,CNBC,0.25
2017-12-04,Financial Times,0.2732
2017-12-04,CNNMoney,0.3182
2017-12-04,CNBC,0.3182
2017-12-04,Bloomberg Markets,-0.6249
2017-12-04,CNBC,0.7096
2017-12-04,Paul Krugman,0.3818
2017-12-04,CNBC,0.6597
2017-12-04,CNBC,-0.4767
2017-12-04,CNNMoney,0.3612
2017-12-04,Bloomberg Markets,0.4019
2017-12-04,CNBC,0.2732
2017-12-04,CNBC,0.34
2017-12-04,Jim Cramer,0.4559
2017-12-04,CNBC,0.4767
2017-12-04,Financial Times,-0.5719
2017-12-04,Financial Times,-0.4404
2017-12-04,CNBC,0.4404
2017-12-04,Jim Cramer,0.3182
2017-12-04,Jim Cramer,0.3612
2017-12-04,CNBC,-0.5574
2017-12-04,Bloomberg Markets,0.5859
2017-12-04,WSJ Markets,-0.4767
2017-12-04,CNBC,0.4767
2017-12-04,Bloomberg Markets,0.34
2017-12-04,Financial Times,-0.4767
2017-12-04,CNBC,-0.5994
2017-12-04,CNBC,0.5719
2017-12-04,WSJ Markets,0.3919
2017-12-04,CNNMoney,-0.128
2017-12-04,CNBC,0.4404
2017-12-04,WSJ Markets,-0.6249
2017-12-04,CNBC,0.1027
2017-12-04,Jim Cramer,0.2492
2017-12-04,CNNMoney,-0.3412
2017-12-04,WSJ Markets,0.128
2017-12-04,CNBC,-0.6124
2017-12-04,WSJ Markets,0.4939
2017-12-04,Jim Cramer,0.6369
2017-12-04,Jim Cramer,0.2023
2017-12-04,CNNMoney,0.5719
2017-12-04,CNBC,-0.5994
2017-12-04,WSJ Markets,-0.5037
2017-12-04,CNBC,0.1779
2017-12-04,CNBC,0.1759
2017-12-04,Financial Times,0.7269
2017-12-04,CNBC,-0.2732
2017-12-04,CNBC,-0.5994
2017-12-05,Financial Times,-0.5719
2017-12-05,CNNMoney,-0.4939
2017-12-05,CNBC,0.5267
2017-12-05,CNBC,0.2023
2017-12-05,Financial Times,-0.128
2017-12-05,CNNMoney,-0.4019
2017-12-05,Bloomberg Markets,-0.2023
2017-12-05,CNBC,0.2023
2017-12-05,Bloomberg Markets,-0.296
2017-12-05,Financial Times,0.296
2017-12-05,Financial Times,0.3818
2017-12-05,Financial Times,-0.2732
2017-12-05,WSJ Markets,0.3919
2017-12-05,WSJ Markets,-0.4767
2017-12-05,Bloomberg Markets,0.2584
2017-12-05,CNNMoney,-0.4019
2017-12-05,Jim Cramer,0.1376
2017-12-05,Financial Times,0.6369
2017-12-05,CNNMoney,-0.6757
2017-12-05,CNNMoney,-0.25
2017-12-05,CNBC,-0.4019
2017-12-05,Financial Times,-0.296
2017-12-05,CNBC,-0.1027
2017-12-05,Justin Wolfers,-0.8885
2017-12-05,Financial Times,0.6908
2017-12-05,Bloomberg Markets,-0.1531
2017-12-05,WSJ Markets,-0.6249
2017-12-05,CNNMoney,-0.7184
2017-12-05,Financial Times,0.4588
2017-12-05,WSJ Markets,0.128
2017-12-05,Bloomberg Markets,0.3182
2017-12-05,WSJ Markets,0.4939
2017-12-05,Bloomberg Markets,0.6369
2017-12-05,CNBC,-0.128
2017-12-05,CNNMoney,-0.296
2017-12-05,CNBC,0.296
2017-12-05,Financial Times,-0.4215
2017-12-05,Financial Times,-0.0516
2017-12-05,Financial Times,0.3182
2017-12-05,CNNMoney,0.6124
2017-12-05,CNBC,0.5106
2017-12-05,Bloomberg Markets,0.3875
2017-12-05,CNNMoney,0.3612
2017-12-05,CNBC,-0.296
2017-12-05,CNBC,0.2516
2017-12-05,Financial Times,-0.5267
2017-12-05,Financial Times,0.4404
2017-12-05,WSJ Markets,-0.4767
2017-12-05,Financial Times,0.4019
2017-12-05,CNBC,-0.3612
2017-12-05,Financial Times,0.6908
2017-12-05,WSJ Markets,-0.5037
2017-12-05,CNBC,0.3612
2017-12-05,CNNMoney,-0.25
2017-12-05,Bloomberg Markets,0.2584
2017-12-05,CNBC,0.4767
2017-12-05,Financial Times,0.4215
2017-12-05,Financial Times,-0.5423
2017-12-05,Financial Times,-0.1027
2017-12-05,Financial Times,0.4404
2017-12-05,Jim Cramer,0.6369
2017-12-05,CNNMoney,0.8779
2017-12-05,Financial Times,-0.4767
2017-12-05,Financial Times,0.3612
2017-12-05,CNNMoney,0.1779
2017-12-05,Financial Times,0.0516
2017-12-05,Financial Times,-0.5994
2017-12-05,Bloomberg Markets,0.5423
2017-12-05,CNNMoney,0.4404
2017-12-05,Financial Times,0.3612
2017-12-05,Financial Times,-0.2732
2017-12-05,Financial Times,0.3182
2017-12-05,Financial Times,0.3818
2017-12-05,Financial Times,-0.4404
2017-12-05,Financial Times,-0.34
2017-12-05,CNNMoney,-0.296
2017-12-05,WSJ Markets,0.7184
2017-12-05,CNNMoney,-0.3182
2017-12-05,CNBC,0.5423
2017-12-05,CNBC,-0.4118
2017-12-05,CNNMoney,0.34
2017-12-05,Financial Times,-0.2263
2017-12-05,Financial Times,-0.2732
2017-12-05,Financial Times,-0.1531
2017-12-05,CNBC,-0.5423
2017-12-05,CNNMoney,-0.6908
2017-12-05,WSJ Markets,-0.6249
2017-12-05,Financial Times,0.3818
2017-12-05,Financial Times,0.128
2017-12-05,Financial Times,0.3182
2017-12-05,Financial Times,0.6249
2017-12-05,Paul Krugman,0.3818
2017-12-05,CNBC,0.5719
2017-12-05,Financial Times,-0.4215
2017-12-05,Jim Cramer,0.0772
2017-12-05,WSJ Markets,0.4939
2017-12-05,Jim Cramer,-0.4767
2017-12-05,Jim Cramer,-0.296
2017-12-05,CNNMoney,0.4767
2017-12-05,Financial Times,0.3804
2017-12-05,WSJ Markets,-0.6249
2017-12-05,Bloomberg Markets,-0.5574
2017-12-05,CNBC,0.5719
2017-12-05,Financial Times,-0.2263
2017-12-05,WSJ Markets,0.128
2017-12-05,CNBC,0.34
2017-12-05,Bloomberg Markets,0.0258
2017-12-05,CNBC,0.5106
2017-12-05,CNBC,0.4215
2017-12-05,Financial Times,-0.4019
2017-12-05,Financial Times,0.2023
2017-12-05,CNBC,-0.2263
2017-12-05,WSJ Markets,-0.4767
2017-12-05,CNBC,-0.7579
2017-12-05,CNNMoney,-0.128
2017-12-05,CNBC,0.34
2017-12-05,Financial Times,-0.3612
2017-12-05,Financial Times,0.5106
2017-12-05,Financial Times,-0.34
2017-12-05,WSJ Markets,0.6369
2017-12-05,CNBC,0.296
2017-12-05,Financial Times,0.3182
2017-12-05,CNBC,-0.5423
2017-12-05,CNNMoney,0.5267
2017-12-05,Jim Cramer,0.3818
2017-12-05,CNBC,0.296
2017-12-05,CNBC,0.25
2017-12-05,Bloomberg Markets,-0.0516
2017-12-05,CNBC,-0.4767
2017-12-05,CNBC,-0.1027
2017-12-05,CNBC,-0.5994
2017-12-05,The Motley Fool,0.636
2017-12-05,Financial Times,-0.1027
2017-12-05,WSJ Markets,0.0258
2017-12-05,CNBC,0.2023
2017-12-05,Financial Times,-0.2732
2017-12-05,CNBC,0.624
2017-12-05,CNBC,-0.5267
2017-12-05,WSJ Markets,0.4767
2017-12-05,CNBC,0.1027
2017-12-05,Financial Times,0.4767
2017-12-05,CNBC,0.128
2017-12-05,WSJ Markets,-0.765
2017-12-05,CNBC,0.5106
2017-12-05,CNBC,-0.4019
2017-12-05,CNBC,0.128
2017-12-05,CNBC,0.296
2017-12-05,CNBC,-0.296
2017-12-05,Bloomberg Markets,-0.4019
2017-12-05,WSJ Markets,-0.34
2017-12-05,Jim Cramer,0.5859
2017-12-05,CNNMoney,0.7003
2017-12-05,Bloomberg Markets,-0.4019
2017-12-05,WSJ Markets,0.4939
2017-12-05,CNBC,0.34
2017-12-05,Financial Times,0.2732
2017-12-05,CNBC,0.3182
2017-12-05,Financial Times,-0.1027
2017-12-05,Financial Times,-0.7506
2017-12-05,WSJ Markets,0.4019
2017-12-05,Financial Times,-0.4019
2017-12-05,CNBC,-0.296
2017-12-05,CNBC,-0.4497
2017-12-05,CNNMoney,0.4215
2017-12-05,CNBC,0.25
2017-12-05,CNBC,0.3612
2017-12-05,CNBC,0.4767
2017-12-05,CNBC,-0.296
2017-12-05,WSJ Markets,0.0772
2017-12-05,Bloomberg Markets,0.4019
2017-12-05,Jim Cramer,0.4199
2017-12-05,CNNMoney,0.34
2017-12-05,WSJ Markets,-0.34
2017-12-05,CNBC,0.296
2017-12-05,CNBC,-0.3818
2017-12-05,Bloomberg Markets,0.3818
2017-12-05,The Motley Fool,-0.1761
2017-12-05,Bloomberg Markets,0.34
2017-12-05,Financial Times,0.3818
2017-12-05,CNBC,0.6249
2017-12-05,Jim Cramer,0.6486
2017-12-05,CNBC,0.4019
2017-12-05,CNBC,0.3612
2017-12-05,CNBC,-0.5106
2017-12-05,WSJ Markets,-0.6249
2017-12-05,Bloomberg Markets,-0.3612
2017-12-05,CNBC,-0.4215
2017-12-05,CNBC,-0.5423
2017-12-05,CNBC,0.5106
2017-12-05,Paul Krugman,-0.0258
2017-12-05,Financial Times,-0.7003
2017-12-05,CNBC,0.1779
2017-12-05,CNNMoney,0.0772
2017-12-05,Paul Krugman,-0.3182
2017-12-05,CNBC,-0.8126
2017-12-05,Jim Cramer,-0.4724
2017-12-05,Financial Times,0.296
2017-12-05,Paul Krugman,-0.5286
2017-12-05,Paul Krugman,-0.4019
2017-12-05,CNBC,0.4019
2017-12-05,Paul Krugman,-0.128
2017-12-05,Paul Krugman,-0.2263
2017-12-05,CNBC,0.3818
2017-12-05,CNBC,0.6705
2017-12-05,Financial Times,-0.5719
2017-12-05,Paul Krugman,0.128
2017-12-05,CNBC,-0.5106
2017-12-05,Bloomberg Markets,-0.6249
2017-12-05,Paul Krugman,-0.4588
2017-12-05,CNBC,0.6369
2017-12-05,The Motley Fool,0.6369
2017-12-05,WSJ Markets,0.3254
2017-12-05,CNBC,-0.5859
2017-12-05,WSJ Markets,-0.4767
2017-12-05,CNBC,-0.4215
2017-12-05,Financial Times,0.5994
2017-12-05,CNBC,0.4019
2017-12-05,CNBC,0.4404
2017-12-05,Bloomberg Markets,0.7506
2017-12-05,Jim Cramer,0.6369
2017-12-05,CNBC,0.5984
2017-12-05,CNBC,-0.4767
2017-12-05,Financial Times,0.2023
2017-12-05,The Motley Fool,0.4767
2017-12-05,CNBC,-0.4404
2017-12-05,Bloomberg Markets,-0.2732
2017-12-05,WSJ Markets,0.6369
2017-12-05,Financial Times,0.4404
2017-12-05,Financial Times,-0.2732
2017-12-05,Bloomberg Markets,0.0258
2017-12-05,Paul Krugman,0.6705
2017-12-05,Paul Krugman,-0.504
2017-12-05,WSJ Markets,0.4019
2017-12-05,Financial Times,0.5423
2017-12-05,WSJ Markets,0.0258
2017-12-05,Financial Times,0.6369
2017-12-05,Financial Times,-0.3818
2017-12-05,Financial Times,-0.3182
2017-12-05,WSJ Markets,-0.765
2017-12-05,Jim Cramer,-0.3891
2017-12-05,Financial Times,-0.4716
2017-12-05,CNNMoney,0.6003
2017-12-05,CNBC,-0.1531
2017-12-05,Financial Times,-0.2732
2017-12-05,WSJ Markets,-0.34
2017-12-05,Financial Times,0.6249
2017-12-05,WSJ Markets,-0.5267
2017-12-05,CNBC,0.3818
2017-12-05,CNNMoney,-0.6013
2017-12-05,WSJ Markets,0.4939
2017-12-05,Bloomberg Markets,0.3182
2017-12-05,Financial Times,-0.5719
2017-12-05,Bloomberg Markets,0.3612
2017-12-05,WSJ Markets,0.0772
2017-12-05,WSJ Markets,0.3291
2017-12-05,CNBC,0.5719
2017-12-05,CNBC,-0.1027
2017-12-05,CNBC,0.4592
2017-12-05,CNBC,0.4767
2017-12-05,CNBC,-0.3612
2017-12-05,Financial Times,0.296
2017-12-05,CNBC,-0.4588
2017-12-05,WSJ Markets,-0.34
2017-12-05,Financial Times,-0.4588
2017-12-05,CNNMoney,0.6901
2017-12-05,WSJ Markets,-0.3182
2017-12-05,CNBC,0.0772
2017-12-05,Bloomberg Markets,0.0258
2017-12-05,CNBC,0.4588
2017-12-05,WSJ Markets,-0.5267
2017-12-05,The Motley Fool,0.7184
2017-12-05,Financial Times,-0.4588
2017-12-05,Financial Times,0.4767
2017-12-05,CNNMoney,0.3612
2017-12-05,CNBC,-0.4019
2017-12-05,Financial Times,-0.5423
2017-12-05,CNBC,0.2732
2017-12-05,WSJ Markets,0.4215
2017-12-05,CNBC,0.2732
2017-12-05,Jim Cramer,0.2023
2017-12-05,CNNMoney,-0.5106
2017-12-05,Financial Times,0.7184
2017-12-05,WSJ Markets,-0.3612
2017-12-05,Financial Times,0.3612
2017-12-05,CNNMoney,-0.5719
2017-12-05,CNBC,0.1531
2017-12-05,CNBC,0.0258
2017-12-05,CNBC,0.4767
2017-12-05,WSJ Markets,-0.34
2017-12-05,Financial Times,-0.5574
2017-12-05,The Motley Fool,-0.128
2017-12-05,CNNMoney,-0.5106
2017-12-05,WSJ Markets,-0.6908
2017-12-05,Bloomberg Markets,0.5423
2017-12-05,CNBC,-0.6597
2017-12-05,Bloomberg Markets,0.2263
2017-12-05,CNBC,-0.4215
2017-12-05,CNBC,-0.0516
2017-12-05,Jim Cramer,-0.2263
2017-12-05,CNBC,-0.3818
2017-12-05,Bloomberg Markets,-0.6249
2017-12-05,CNNMoney,0.3182
2017-12-05,Jim Cramer,0.1779
2017-12-05,CNBC,-0.3412
2017-12-05,CNBC,0.5106
2017-12-05,WSJ Markets,0.6369
2017-12-05,CNBC,0.5423
2017-12-05,CNBC,0.4312
2017-12-05,CNBC,0.4215
2017-12-05,Paul Krugman,-0.3818
2017-12-05,WSJ Markets,0.0258
2017-12-05,Bloomberg Markets,0.34
2017-12-05,CNBC,0.5267
2017-12-05,WSJ Markets,-0.765
2017-12-05,Paul Krugman,0.3458
2017-12-05,Jim Cramer,0.1901
2017-12-05,CNBC,0.4824
2017-12-05,Jim Cramer,0.3818
2017-12-05,WSJ Markets,-0.34
2017-12-05,CNBC,0.7783
2017-12-05,WSJ Markets,0.4939
2017-12-05,CNBC,-0.3612
2017-12-05,WSJ Markets,0.4215
2017-12-05,CNNMoney,0.5106
2017-12-05,Bloomberg Markets,0.2023
2017-12-05,Bloomberg Markets,-0.3818
2017-12-05,Financial Times,-0.6486
2017-12-05,Financial Times,-0.3818
2017-12-05,The Motley Fool,0.765
2017-12-05,CNBC,0.765
2017-12-05,Bloomberg Markets,-0.4019
2017-12-05,WSJ Markets,0.0772
2017-12-05,CNBC,0.4404
2017-12-05,Financial Times,-0.34
2017-12-05,WSJ Markets,-0.3182
2017-12-05,CNNMoney,0.4019
2017-12-05,CNBC,0.6486
2017-12-05,WSJ Markets,-0.5267
2017-12-05,Financial Times,-0.3818
2017-12-05,CNBC,0.2951
2017-12-06,The Motley Fool,-0.34
2017-12-06,Financial Times,-0.0516
2017-12-06,WSJ Markets,-0.3612
2017-12-06,CNBC,0.1779
2017-12-06,CNBC,0.296
2017-12-06,CNBC,-0.4404
2017-12-06,WSJ Markets,0.296
2017-12-06,Bloomberg Markets,0.3182
2017-12-06,Bloomberg Markets,-0.1531
2017-12-06,Bloomberg Markets,0.5267
2017-12-06,Financial Times,0.3818
2017-12-06,WSJ Markets,-0.6908
2017-12-06,WSJ Markets,-0.6249
2017-12-06,CNBC,0.0258
2017-12-06,CNNMoney,-0.3818
2017-12-06,CNBC,0.4019
2017-12-06,CNBC,0.1027
2017-12-06,Financial Times,0.8957
2017-12-06,Bloomberg Markets,-0.4404
2017-12-06,CNBC,0.3384
2017-12-06,CNNMoney,-0.4404
2017-12-06,WSJ Markets,0.4215
2017-12-06,Financial Times,-0.296
2017-12-06,CNBC,0.6369
2017-12-06,WSJ Markets,-0.34
2017-12-06,WSJ Markets,0.0258
2017-12-06,Financial Times,-0.3818
2017-12-06,WSJ Markets,-0.5267
2017-12-06,CNBC,0.128
2017-12-06,Jim Cramer,0.3612
2017-12-06,CNNMoney,-0.4588
2017-12-06,Bloomberg Markets,-0.6249
2017-12-06,WSJ Markets,0.6369
2017-12-06,Financial Times,-0.4404
2017-12-06,CNBC,-0.3412
2017-12-06,CNNMoney,-0.6139
2017-12-06,WSJ Markets,-0.765
2017-12-06,Justin Wolfers,0.4019
2017-12-06,Bloomberg Markets,-0.8271
2017-12-06,WSJ Markets,0.4939
2017-12-06,Justin Wolfers,0.0258
2017-12-06,Financial Times,-0.0772
2017-12-06,WSJ Markets,0.0772
2017-12-06,Financial Times,-0.34
2017-12-06,CNNMoney,-0.4019
2017-12-06,Bloomberg Markets,0.2263
2017-12-06,Financial Times,-0.3182
2017-12-06,CNBC,0.1027
2017-12-06,CNNMoney,-0.0516
2017-12-06,Bloomberg Markets,-0.2247
2017-12-06,Financial Times,0.2263
2017-12-06,Financial Times,-0.6249
2017-12-06,Financial Times,-0.3818
2017-12-06,Financial Times,-0.25
2017-12-06,Financial Times,0.6369
2017-12-06,Bloomberg Markets,0.2023
2017-12-06,CNNMoney,0.6369
2017-12-06,Bloomberg Markets,0.3612
2017-12-06,Financial Times,-0.0516
2017-12-06,CNBC,-0.438
2017-12-06,Financial Times,0.4939
2017-12-06,Bloomberg Markets,0.2023
2017-12-06,Financial Times,-0.4019
2017-12-06,Bloomberg Markets,-0.2263
2017-12-06,Financial Times,0.4588
2017-12-06,Financial Times,0.2732
2017-12-06,CNBC,0.4404
2017-12-06,CNBC,0.2023
2017-12-06,CNNMoney,0.2235
2017-12-06,Financial Times,-0.4019
2017-12-06,CNNMoney,-0.6013
2017-12-06,Bloomberg Markets,-0.296
2017-12-06,CNBC,-0.128
2017-12-06,WSJ Markets,0.4215
2017-12-06,Financial Times,-0.5267
2017-12-06,WSJ Markets,-0.3182
2017-12-06,Financial Times,-0.607
2017-12-06,Financial Times,-0.4767
2017-12-06,Financial Times,-0.743
2017-12-06,Financial Times,0.2732
2017-12-06,Financial Times,0.2263
2017-12-06,CNBC,-0.296
2017-12-06,WSJ Markets,-0.5267
2017-12-06,CNBC,-0.3818
2017-12-06,Financial Times,0.5106
2017-12-06,Financial Times,-0.3182
2017-12-06,CNNMoney,0.5719
2017-12-06,Financial Times,0.4404
2017-12-06,Bloomberg Markets,-0.5994
2017-12-06,Financial Times,0.4404
2017-12-06,CNBC,-0.4019
2017-12-06,CNBC,0.3612
2017-12-06,CNBC,0.3506
2017-12-06,Financial Times,-0.1027
2017-12-06,CNNMoney,0.5994
2017-12-06,CNBC,0.296
2017-12-06,CNBC,0.2263
2017-12-06,Financial Times,-0.296
2017-12-06,CNNMoney,0.0772
2017-12-06,Financial Times,-0.4215
2017-12-06,Financial Times,-0.1027
2017-12-06,Financial Times,0.296
2017-12-06,CNNMoney,0.1531
2017-12-06,WSJ Markets,0.296
2017-12-06,Financial Times,-0.3182
2017-12-06,WSJ Markets,0.6369
2017-12-06,CNNMoney,-0.8402
2017-12-06,CNBC,0.4019
2017-12-06,CNBC,-0.34
2017-12-06,CNNMoney,-0.5106
2017-12-06,WSJ Markets,0.0258
2017-12-06,Bloomberg Markets,-0.0258
2017-12-06,Financial Times,-0.5994
2017-12-06,Bloomberg Markets,-0.5719
2017-12-06,WSJ Markets,-0.765
2017-12-06,Financial Times,-0.34
2017-12-06,Financial Times,-0.3612
2017-12-06,Financial Times,-0.296
2017-12-06,WSJ Markets,-0.34
2017-12-06,Financial Times,-0.2023
2017-12-06,CNNMoney,0.4404
2017-12-06,WSJ Markets,0.4939
2017-12-06,CNBC,0.5859
2017-12-06,Financial Times,-0.4404
2017-12-06,Financial Times,-0.7269
2017-12-06,WSJ Markets,0.0772
2017-12-06,Financial Times,-0.5267
2017-12-06,CNNMoney,-0.25
2017-12-06,WSJ Markets,-0.3182
2017-12-06,Bloomberg Markets,-0.1531
2017-12-06,WSJ Markets,0.4215
2017-12-06,Justin Wolfers,0.0258
2017-12-06,WSJ Markets,-0.5267
2017-12-06,Financial Times,0.3182
2017-12-06,CNBC,-0.1531
2017-12-06,Bloomberg Markets,0.4215
2017-12-06,CNBC,0.6369
2017-12-06,CNBC,0.296
2017-12-06,Financial Times,-0.1027
2017-12-06,CNBC,0.0516
2017-12-06,CNBC,0.2732
2017-12-06,CNBC,0.1779
2017-12-06,CNBC,0.4019
2017-12-06,CNBC,-0.1027
2017-12-06,Bloomberg Markets,-0.4939
2017-12-06,Jim Cramer,0.4545
2017-12-06,Bloomberg Markets,0.6705
2017-12-06,CNBC,-0.6597
2017-12-06,The Motley Fool,0.6369
2017-12-06,Financial Times,-0.5423
2017-12-06,Financial Times,0.4939
2017-12-06,CNBC,0.5423
2017-12-06,Financial Times,0.6249
2017-12-06,Bloomberg Markets,0.3818
2017-12-06,WSJ Markets,0.7783
2017-12-06,CNBC,0.5267
2017-12-06,CNBC,0.3182
2017-12-06,CNBC,0.3818
2017-12-06,Jim Cramer,0.7906
2017-12-06,Jim Cramer,-0.5719
2017-12-06,WSJ Markets,0.3818
2017-12-06,CNBC,-0.0772
2017-12-06,CNBC,0.5106
2017-12-06,CNBC,-0.25
2017-12-06,WSJ Markets,0.5719
2017-12-06,WSJ Markets,-0.3869
2017-12-06,Jim Cramer,-0.6037
2017-12-06,CNBC,0.6597
2017-12-06,CNBC,0.4576
2017-12-06,Paul Krugman,-0.8402
2017-12-06,Bloomberg Markets,0.1027
2017-12-06,CNBC,0.1779
2017-12-06,Jim Cramer,-0.8201
2017-12-06,Jim Cramer,0.2732
2017-12-06,CNBC,0.4588
2017-12-06,CNNMoney,0.1531
2017-12-06,CNBC,-0.296
2017-12-06,Jim Cramer,0.3971
2017-12-06,CNBC,-0.5267
2017-12-06,WSJ Markets,0.2263
2017-12-06,CNBC,-0.8225
2017-12-06,CNNMoney,-0.4939
2017-12-06,CNBC,-0.6369
2017-12-06,CNBC,0.3788
2017-12-06,CNBC,0.5859
2017-12-06,Financial Times,0.4215
2017-12-06,WSJ Markets,0.4019
2017-12-06,CNBC,-0.2732
2017-12-06,CNBC,-0.1531
2017-12-06,Financial Times,0.4404
2017-12-06,WSJ Markets,-0.2732
2017-12-06,Jim Cramer,0.6369
2017-12-06,CNBC,-0.1027
2017-12-06,Financial Times,-0.7003
2017-12-06,Financial Times,-0.296
2017-12-06,CNBC,0.3612
2017-12-06,CNBC,0.7783
2017-12-06,WSJ Markets,0.5859
2017-12-06,Bloomberg Markets,0.0191
2017-12-06,Financial Times,0.7717
2017-12-06,CNBC,0.2023
2017-12-06,CNBC,-0.1779
2017-12-06,CNNMoney,0.6124
2017-12-06,CNBC,0.6369
2017-12-06,Financial Times,0.2732
2017-12-06,CNBC,0.6369
2017-12-06,WSJ Markets,0.4877
2017-12-06,Financial Times,0.2732
2017-12-06,CNBC,0.296
2017-12-06,The Motley Fool,0.4019
2017-12-06,CNBC,-0.5267
2017-12-06,CNBC,-0.0516
2017-12-06,WSJ Markets,0.252
2017-12-06,Financial Times,-0.4767
2017-12-06,CNNMoney,0.2023
2017-12-06,Bloomberg Markets,-0.34
2017-12-06,Financial Times,-0.0516
2017-12-06,Financial Times,0.4019
2017-12-06,WSJ Markets,0.6597
2017-12-06,WSJ Markets,0.7783
2017-12-06,WSJ Markets,-0.3869
2017-12-06,CNNMoney,0.5629
2017-12-06,CNBC,-0.5267
2017-12-06,CNBC,0.6369
2017-12-06,Financial Times,0.7783
2017-12-06,WSJ Markets,0.3818
2017-12-06,The Motley Fool,0.6597
2017-12-06,CNBC,0.2732
2017-12-06,Bloomberg Markets,0.3612
2017-12-06,CNNMoney,0.2014
2017-12-06,Financial Times,0.2023
2017-12-06,Financial Times,-0.5574
2017-12-06,CNBC,0.2263
2017-12-06,WSJ Markets,0.3612
2017-12-06,CNNMoney,-0.0516
2017-12-06,Bloomberg Markets,-0.4939
2017-12-06,WSJ Markets,0.6705
2017-12-06,CNBC,-0.296
2017-12-06,Financial Times,-0.4767
2017-12-06,CNBC,-0.0772
2017-12-06,CNBC,0.6597
2017-12-06,Financial Times,0.2023
2017-12-06,Financial Times,-0.5187
2017-12-06,CNBC,-0.4215
2017-12-06,CNBC,-0.0772
2017-12-06,The Motley Fool,0.3832
2017-12-06,Financial Times,-0.128
2017-12-06,Financial Times,0.2023
2017-12-06,WSJ Markets,0.5719
2017-12-06,CNBC,0.3612
2017-12-06,Financial Times,-0.4019
2017-12-06,CNBC,-0.6705
2017-12-06,Financial Times,0.2263
2017-12-06,Financial Times,-0.34
2017-12-06,CNNMoney,0.6808
2017-12-06,CNBC,0.5106
2017-12-06,CNBC,0.2023
2017-12-06,WSJ Markets,-0.2944
2017-12-06,Jim Cramer,0.5983
2017-12-06,Jim Cramer,-0.4389
2017-12-06,CNBC,-0.2732
2017-12-06,Bloomberg Markets,0.0772
2017-12-06,Bloomberg Markets,-0.5106
2017-12-06,CNBC,-0.4576
2017-12-06,CNNMoney,0.1263
2017-12-06,CNBC,-0.802
2017-12-06,Bloomberg Markets,-0.25
2017-12-06,Financial Times,-0.7307
2017-12-06,Bloomberg Markets,0.4588
2017-12-06,Financial Times,0.0516
2017-12-06,CNBC,0.7351
2017-12-06,CNBC,0.296
2017-12-06,Financial Times,-0.5574
2017-12-06,WSJ Markets,0.5106
2017-12-06,The Motley Fool,0.6369
2017-12-06,CNBC,0.1779
2017-12-06,Financial Times,-0.5574
2017-12-06,CNBC,-0.5859
2017-12-06,CNBC,-0.296
2017-12-06,Financial Times,-0.0772
2017-12-06,WSJ Markets,0.4019
2017-12-06,CNBC,0.34
2017-12-06,CNBC,-0.128
2017-12-06,WSJ Markets,-0.2732
2017-12-06,Bloomberg Markets,0.4404
2017-12-06,WSJ Markets,0.4019
2017-12-06,Jim Cramer,0.7088
2017-12-06,Jim Cramer,-0.5423
2017-12-06,CNBC,0.3818
2017-12-06,Bloomberg Markets,-0.5106
2017-12-06,CNNMoney,-0.5423
2017-12-06,CNNMoney,0.4404
2017-12-06,Paul Krugman,-0.6596
2017-12-06,Paul Krugman,-0.8581
2017-12-06,CNBC,0.5574
2017-12-06,Bloomberg Markets,0.7269
2017-12-06,CNBC,0.8553
2017-12-06,Paul Krugman,-0.1531
2017-12-06,Paul Krugman,-0.3818
2017-12-06,Paul Krugman,-0.8834
2017-12-06,CNBC,0.2023
2017-12-06,Paul Krugman,-0.1779
2017-12-06,Justin Wolfers,0.3446
2017-12-06,Financial Times,-0.0772
2017-12-06,Paul Krugman,-0.2732
2017-12-06,Financial Times,0.4019
2017-12-06,The Motley Fool,0.3612
2017-12-06,WSJ Markets,-0.1779
2017-12-06,Financial Times,-0.0258
2017-12-06,Financial Times,0.296
2017-12-06,WSJ Markets,0.3818
2017-12-06,CNBC,-0.4588
2017-12-06,CNBC,0.4019
2017-12-06,CNBC,0.6369
2017-12-06,WSJ Markets,-0.3869
2017-12-06,WSJ Markets,0.4877
2017-12-06,CNNMoney,0.8442
2017-12-06,Financial Times,0.3182
2017-12-06,CNBC,0.1779
2017-12-06,CNBC,0.6249
2017-12-06,CNBC,-0.34
2017-12-06,CNNMoney,-0.128
2017-12-06,WSJ Markets,0.6705
2017-12-06,CNNMoney,0.8126
2017-12-06,WSJ Markets,0.5106
2017-12-06,Paul Krugman,-0.1531
2017-12-06,Paul Krugman,-0.2052
2017-12-06,Paul Krugman,-0.3182
2017-12-06,WSJ Markets,0.4019
2017-12-06,CNBC,0.3818
2017-12-06,WSJ Markets,0.7783
2017-12-06,CNBC,-0.25
2017-12-06,CNBC,-0.4404
2017-12-06,Financial Times,-0.3182
2017-12-06,CNNMoney,0.4215
2017-12-06,CNBC,-0.1779
2017-12-06,CNBC,0.4466
2017-12-07,CNNMoney,-0.5994
2017-12-07,Financial Times,-0.2732
2017-12-07,CNBC,0.3595
2017-12-07,WSJ Markets,0.0258
2017-12-07,CNNMoney,-0.4019
2017-12-07,WSJ Markets,0.5859
2017-12-07,CNBC,-0.4019
2017-12-07,CNNMoney,-0.2263
2017-12-07,WSJ Markets,0.5719
2017-12-07,Financial Times,-0.4588
2017-12-07,CNBC,0.2023
2017-12-07,CNNMoney,0.0772
2017-12-07,WSJ Markets,0.0772
2017-12-07,Financial Times,0.6249
2017-12-07,Financial Times,0.3182
2017-12-07,Bloomberg Markets,-0.25
2017-12-07,The Motley Fool,0.7906
2017-12-07,WSJ Markets,0.3818
2017-12-07,CNBC,-0.7506
2017-12-07,WSJ Markets,0.4877
2017-12-07,CNBC,0.34
2017-12-07,Financial Times,-0.765
2017-12-07,CNBC,0.3818
2017-12-07,Bloomberg Markets,-0.4767
2017-12-07,Justin Wolfers,-0.0498
2017-12-07,CNBC,0.3612
2017-12-07,Financial Times,-0.4404
2017-12-07,CNNMoney,0.5222
2017-12-07,CNBC,-0.4588
2017-12-07,WSJ Markets,0.6705
2017-12-07,CNBC,0.1779
2017-12-07,WSJ Markets,0.4019
2017-12-07,WSJ Markets,0.0258
2017-12-07,CNNMoney,0.0258
2017-12-07,CNBC,-0.0772
2017-12-07,Financial Times,0.6369
2017-12-07,Financial Times,0.5267
2017-12-07,CNBC,0.7269
2017-12-07,Financial Times,-0.5106
2017-12-07,Financial Times,0.3612
2017-12-07,CNBC,-0.1779
2017-12-07,CNNMoney,0.4019
2017-12-07,CNBC,0.4767
2017-12-07,Financial Times,0.836
2017-12-07,Financial Times,-0.3182
2017-12-07,Financial Times,0.3612
2017-12-07,Financial Times,-0.4404
2017-12-07,Financial Times,0.5719
2017-12-07,Financial Times,0.1531
2017-12-07,Financial Times,0.8555
2017-12-07,Financial Times,-0.2263
2017-12-07,Financial Times,-0.3182
2017-12-07,Bloomberg Markets,-0.7096
2017-12-07,CNNMoney,-0.5423
2017-12-07,CNBC,0.5994
2017-12-07,Financial Times,0.6486
2017-12-07,WSJ Markets,0.5719
2017-12-07,Financial Times,0.3182
2017-12-07,Bloomberg Markets,0.6486
2017-12-07,CNNMoney,-0.4019
2017-12-07,CNBC,0.6705
2017-12-07,Financial Times,0.2732
2017-12-07,Bloomberg Markets,0.5267
2017-12-07,WSJ Markets,0.4019
2017-12-07,Financial Times,0.2263
2017-12-07,WSJ Markets,0.7783
2017-12-07,Bloomberg Markets,-0.25
2017-12-07,CNBC,-0.7717
2017-12-07,WSJ Markets,0.3818
2017-12-07,Bloomberg Markets,0.8555
2017-12-07,Financial Times,0.128
2017-12-07,CNNMoney,0.8658
2017-12-07,CNBC,-0.3182
2017-12-07,Bloomberg Markets,-0.5187
2017-12-07,Financial Times,0.4588
2017-12-07,CNBC,-0.1531
2017-12-07,Bloomberg Markets,-0.4019
2017-12-07,Financial Times,0.296
2017-12-07,Financial Times,-0.5719
2017-12-07,CNNMoney,0.4019
2017-12-07,CNNMoney,0.1779
2017-12-07,Financial Times,0.1531
2017-12-07,CNBC,0.3612
2017-12-07,CNBC,0.4019
2017-12-07,Financial Times,-0.3182
2017-12-07,Jim Cramer,0.6696
2017-12-07,CNNMoney,-0.1027
2017-12-07,Financial Times,-0.4404
2017-12-07,Financial Times,-0.3818
2017-12-07,CNBC,0.0772
2017-12-07,Financial Times,-0.5267
2017-12-07,Financial Times,0.34
2017-12-07,WSJ Markets,-0.6808
2017-12-07,Bloomberg Markets,0.3818
2017-12-07,Financial Times,-0.7906
2017-12-07,WSJ Markets,0.0772
2017-12-07,WSJ Markets,0.6705
2017-12-07,Financial Times,0.1027
2017-12-07,CNBC,0.34
2017-12-07,WSJ Markets,0.7783
2017-12-07,Financial Times,0.6124
2017-12-07,Bloomberg Markets,-0.1027
2017-12-07,CNBC,-0.296
2017-12-07,Financial Times,-0.2732
2017-12-07,CNBC,-0.1531
2017-12-07,CNNMoney,0.4404
2017-12-07,WSJ Markets,0.3818
2017-12-07,WSJ Markets,0.4877
2017-12-07,CNBC,-0.296
2017-12-07,Financial Times,0.2263
2017-12-07,CNNMoney,0.3818
2017-12-07,Bloomberg Markets,-0.34
2017-12-07,CNNMoney,-0.3818
2017-12-07,WSJ Markets,0.4019
2017-12-07,CNBC,-0.3182
2017-12-07,CNBC,0.4939
2017-12-07,CNBC,-0.5106
2017-12-07,WSJ Markets,0.0258
2017-12-07,Financial Times,0.1531
2017-12-07,Bloomberg Markets,-0.296
2017-12-07,CNBC,0.3818
2017-12-07,Financial Times,-0.3612
2017-12-07,Financial Times,0.6908
2017-12-07,Financial Times,0.6808
2017-12-07,CNBC,-0.1027
2017-12-07,CNBC,-0.743
2017-12-07,Financial Times,-0.2732
2017-12-07,Bloomberg Markets,-0.2732
2017-12-07,The Motley Fool,0.5994
2017-12-07,CNBC,-0.1027
2017-12-07,Financial Times,0.2732
2017-12-07,CNBC,-0.3612
2017-12-07,CNBC,0.3818
2017-12-07,CNBC,-0.25
2017-12-07,CNBC,0.015
2017-12-07,CNBC,-0.34
2017-12-07,CNBC,-0.34
2017-12-07,Financial Times,-0.0516
2017-12-07,CNBC,0.4215
2017-12-07,Jim Cramer,-0.34
2017-12-07,CNBC,-0.5574
2017-12-07,The Motley Fool,-0.4168
2017-12-07,CNNMoney,0.0785
2017-12-07,CNNMoney,-0.0516
2017-12-07,Financial Times,0.296
2017-12-07,CNBC,0.6705
2017-12-07,CNBC,-0.25
2017-12-07,CNBC,0.0516
2017-12-07,CNBC,-0.0341
2017-12-07,CNBC,0.5719
2017-12-07,CNNMoney,0.3818
2017-12-07,Financial Times,0.2263
2017-12-07,Financial Times,-0.128
2017-12-07,CNBC,-0.4215
2017-12-07,CNBC,-0.09
2017-12-07,CNBC,0.4588
2017-12-07,Bloomberg Markets,-0.743
2017-12-07,WSJ Markets,0.4877
2017-12-07,CNBC,0.3182
2017-12-07,Financial Times,-0.296
2017-12-07,CNBC,-0.3182
2017-12-07,CNBC,0.624
2017-12-07,CNBC,0.5106
2017-12-07,CNBC,0.128
2017-12-07,CNBC,0.4215
2017-12-07,Financial Times,0.3818
2017-12-07,Bloomberg Markets,-0.5267
2017-12-07,Bloomberg Markets,0.3612
2017-12-07,CNBC,-0.25
2017-12-07,Financial Times,0.0258
2017-12-07,CNNMoney,0.0103
2017-12-07,CNBC,0.2023
2017-12-07,CNBC,-0.1531
2017-12-07,Justin Wolfers,-0.1531
2017-12-07,Justin Wolfers,0.0276
2017-12-07,CNBC,0.4404
2017-12-07,Justin Wolfers,0.34
2017-12-07,CNBC,-0.6249
2017-12-07,CNBC,0.4707
2017-12-07,CNBC,-0.2263
2017-12-07,CNBC,-0.4404
2017-12-07,Financial Times,-0.34
2017-12-07,Jim Cramer,0.5574
2017-12-07,The Motley Fool,0.4767
2017-12-07,Bloomberg Markets,0.4939
2017-12-07,Financial Times,0.296
2017-12-07,Financial Times,-0.4404
2017-12-07,Financial Times,0.4588
2017-12-07,CNBC,-0.2023
2017-12-07,CNBC,-0.296
2017-12-07,CNBC,-0.5719
2017-12-07,CNBC,0.5719
2017-12-07,CNBC,-0.2263
2017-12-07,CNBC,-0.5719
2017-12-07,Financial Times,0.4019
2017-12-07,CNBC,-0.4939
2017-12-07,Bloomberg Markets,-0.296
2017-12-07,CNBC,0.4404
2017-12-07,CNBC,0.6369
2017-12-07,WSJ Markets,0.2023
2017-12-07,CNBC,0.3818
2017-12-07,CNBC,0.128
2017-12-07,CNBC,-0.2023
2017-12-07,Financial Times,0.4019
2017-12-07,Financial Times,-0.2732
2017-12-07,CNNMoney,0.802
2017-12-07,Financial Times,-0.1531
2017-12-07,Financial Times,-0.128
2017-12-07,CNBC,-0.4939
2017-12-07,Financial Times,-0.4404
2017-12-07,Financial Times,-0.7096
2017-12-07,CNBC,0.4588
2017-12-07,Financial Times,0.3818
2017-12-07,Bloomberg Markets,0.5574
2017-12-07,Financial Times,0.4404
2017-12-07,Financial Times,-0.4939
2017-12-07,Bloomberg Markets,0.5267
2017-12-07,CNNMoney,-0.2732
2017-12-07,CNBC,-0.5859
2017-12-07,CNBC,0.6249
2017-12-07,The Motley Fool,0.1779
2017-12-07,CNBC,0.296
2017-12-07,Financial Times,-0.25
2017-12-07,CNBC,-0.624
2017-12-07,Justin Wolfers,-0.2273
2017-12-07,CNBC,0.5859
2017-12-07,Jim Cramer,-0.296
2017-12-07,Jim Cramer,0.5777
2017-12-07,Bloomberg Markets,0.1027
2017-12-07,CNBC,0.5994
2017-12-07,Financial Times,0.3612
2017-12-07,Jim Cramer,0.6705
2017-12-07,Jim Cramer,0.7506
2017-12-07,Jim Cramer,0.7048
2017-12-07,Paul Krugman,0.1045
2017-12-07,Paul Krugman,0.0516
2017-12-07,Jim Cramer,-0.5386
2017-12-07,Jim Cramer,0.0772
2017-12-07,Jim Cramer,0.4767
2017-12-07,The Motley Fool,0.4215
2017-12-07,Jim Cramer,0.658
2017-12-07,Jim Cramer,-0.765
2017-12-07,CNBC,0.5984
2017-12-07,CNBC,0.2006
2017-12-07,Jim Cramer,-0.3252
2017-12-07,CNBC,0.7351
2017-12-07,The Motley Fool,0.4215
2017-12-07,CNNMoney,-0.765
2017-12-07,CNBC,-0.8176
2017-12-07,Jim Cramer,0.7169
2017-12-07,Financial Times,-0.128
2017-12-07,CNBC,-0.2732
2017-12-07,Financial Times,-0.5719
2017-12-07,CNBC,0.2732
2017-12-07,CNBC,0.1779
2017-12-07,Jim Cramer,0.743
2017-12-07,CNNMoney,0.4404
2017-12-07,CNBC,0.5267
2017-12-07,Justin Wolfers,0.1027
2017-12-07,Jim Cramer,-0.128
2017-12-07,Justin Wolfers,0.6369
2017-12-07,CNBC,0.3612
2017-12-07,Financial Times,-0.2023
2017-12-07,CNBC,0.4404
2017-12-07,CNBC,-0.128
2017-12-07,CNNMoney,0.1779
2017-12-07,Financial Times,0.6124
2017-12-07,CNBC,-0.128
2017-12-07,CNBC,-0.34
2017-12-07,Bloomberg Markets,-0.4215
2017-12-07,Bloomberg Markets,-0.0183
2017-12-07,Financial Times,-0.2732
2017-12-07,Jim Cramer,0.5093
2017-12-07,CNBC,0.5106
2017-12-07,CNBC,0.1027
2017-12-07,Bloomberg Markets,0.3818
2017-12-07,Financial Times,-0.4215
2017-12-07,CNBC,-0.34
2017-12-07,Jim Cramer,-0.4215
2017-12-07,CNNMoney,0.7096
2017-12-07,Financial Times,-0.6908
2017-12-07,Financial Times,-0.2263
2017-12-07,CNBC,-0.6249
2017-12-07,CNBC,-0.1764
2017-12-07,CNBC,-0.1027
2017-12-07,Financial Times,-0.5106
2017-12-07,CNBC,-0.3612
2017-12-07,CNBC,0.4215
2017-12-07,CNBC,0.2716
2017-12-07,CNNMoney,-0.128
2017-12-07,Financial Times,-0.4019
2017-12-07,Financial Times,-0.5719
2017-12-07,The Motley Fool,-0.5848
2017-12-07,CNBC,-0.6597
2017-12-07,CNBC,-0.5267
2017-12-07,CNBC,0.25
2017-12-07,CNBC,0.4019
2017-12-08,CNNMoney,0.2023
2017-12-08,Paul Krugman,0.4939
2017-12-08,CNBC,0.296
2017-12-08,CNBC,0.3818
2017-12-08,The Motley Fool,-0.6643
2017-12-08,Financial Times,0.3182
2017-12-08,Financial Times,-0.296
2017-12-08,The Motley Fool,0.25
2017-12-08,CNNMoney,0.128
2017-12-08,Financial Times,-0.2732
2017-12-08,Justin Wolfers,-0.2193
2017-12-08,CNBC,-0.25
2017-12-08,CNBC,-0.2263
2017-12-08,Justin Wolfers,0.7003
2017-12-08,CNBC,-0.128
2017-12-08,Financial Times,-0.2263
2017-12-08,CNBC,0.1531
2017-12-08,CNBC,0.6249
2017-12-08,CNNMoney,0.4019
2017-12-08,CNBC,-0.4215
2017-12-08,CNBC,0.875
2017-12-08,Financial Times,-0.4215
2017-12-08,Financial Times,0.3818
2017-12-08,CNBC,0.128
2017-12-08,Financial Times,0.3818
2017-12-08,CNBC,0.5994
2017-12-08,CNBC,0.4019
2017-12-08,Financial Times,-0.4019
2017-12-08,Financial Times,0.6705
2017-12-08,Financial Times,-0.1779
2017-12-08,Bloomberg Markets,-0.4215
2017-12-08,CNNMoney,-0.4549
2017-12-08,CNBC,0.1779
2017-12-08,CNBC,0.4404
2017-12-08,CNBC,0.1027
2017-12-08,Financial Times,-0.6124
2017-12-08,CNBC,0.6369
2017-12-08,CNBC,-0.7184
2017-12-08,Financial Times,0.0516
2017-12-08,CNBC,0.25
2017-12-08,Financial Times,0.4404
2017-12-08,Financial Times,-0.4404
2017-12-08,CNNMoney,0.6486
2017-12-08,Bloomberg Markets,-0.4767
2017-12-08,Financial Times,0.5994
2017-12-08,CNNMoney,0.4939
2017-12-08,Financial Times,0.4019
2017-12-08,Financial Times,-0.1027
2017-12-08,Financial Times,0.3818
2017-12-08,Financial Times,-0.3182
2017-12-08,Jim Cramer,0.4199
2017-12-08,Jim Cramer,0.2263
2017-12-08,Financial Times,0.4939
2017-12-08,CNBC,-0.34
2017-12-08,Bloomberg Markets,0.8225
2017-12-08,Bloomberg Markets,0.4588
2017-12-08,Financial Times,-0.2263
2017-12-08,CNNMoney,0.4939
2017-12-08,Financial Times,0.4939
2017-12-08,Financial Times,0.296
2017-12-08,Financial Times,0.4497
2017-12-08,Financial Times,0.3818
2017-12-08,Financial Times,-0.4019
2017-12-08,CNNMoney,-0.2023
2017-12-08,Financial Times,0.296
2017-12-08,Financial Times,-0.296
2017-12-08,CNBC,0.0772
2017-12-08,Financial Times,0.7003
2017-12-08,CNBC,-0.8402
2017-12-08,CNBC,-0.3182
2017-12-08,Financial Times,-0.128
2017-12-08,CNBC,-0.4767
2017-12-08,WSJ Markets,0.4767
2017-12-08,Financial Times,0.3818
2017-12-08,Jim Cramer,0.4404
2017-12-08,Bloomberg Markets,-0.0516
2017-12-08,CNBC,-0.0772
2017-12-08,CNBC,0.0477
2017-12-08,Financial Times,-0.3089
2017-12-08,CNBC,0.4939
2017-12-08,WSJ Markets,-0.8442
2017-12-08,WSJ Markets,-0.34
2017-12-08,WSJ Markets,0.4767
2017-12-08,Bloomberg Markets,0.6428
2017-12-08,CNBC,0.5574
2017-12-08,Bloomberg Markets,-0.6705
2017-12-08,CNBC,0.296
2017-12-08,Justin Wolfers,0.7269
2017-12-08,WSJ Markets,0.3818
2017-12-08,CNBC,0.0258
2017-12-08,CNBC,0.3182
2017-12-08,The Motley Fool,0.5994
2017-12-08,Bloomberg Markets,0.5267
2017-12-08,CNBC,-0.4404
2017-12-08,Justin Wolfers,-0.6124
2017-12-08,CNBC,0.0258
2017-12-08,WSJ Markets,-0.2878
2017-12-08,Justin Wolfers,0.3818
2017-12-08,CNNMoney,-0.1779
2017-12-08,Bloomberg Markets,-0.4404
2017-12-08,Justin Wolfers,-0.2023
2017-12-08,Justin Wolfers,-0.397
2017-12-08,Justin Wolfers,-0.6124
2017-12-08,Financial Times,0.3818
2017-12-08,CNNMoney,-0.1779
2017-12-08,WSJ Markets,-0.1779
2017-12-08,WSJ Markets,0.4767
2017-12-08,Financial Times,0.2023
2017-12-08,Jim Cramer,-0.3597
2017-12-08,Jim Cramer,0.0431
2017-12-08,Financial Times,0.3612
2017-12-08,WSJ Markets,0.4939
2017-12-08,WSJ Markets,-0.4019
2017-12-08,CNBC,0.4404
2017-12-08,Paul Krugman,-0.2263
2017-12-08,WSJ Markets,0.3182
2017-12-08,Financial Times,0.5106
2017-12-08,WSJ Markets,0.4215
2017-12-08,Financial Times,0.4404
2017-12-08,CNBC,0.4019
2017-12-08,CNBC,0.3182
2017-12-08,WSJ Markets,-0.34
2017-12-08,Justin Wolfers,0.2732
2017-12-08,The Motley Fool,-0.7579
2017-12-08,CNBC,-0.6908
2017-12-08,CNBC,-0.3089
2017-12-08,CNBC,0.4215
2017-12-08,CNNMoney,-0.1531
2017-12-08,Financial Times,0.4939
2017-12-08,CNNMoney,0.3182
2017-12-08,CNBC,0.6908
2017-12-08,CNBC,0.5834
2017-12-08,CNBC,0.4404
2017-12-08,Financial Times,-0.128
2017-12-08,CNBC,-0.2584
2017-12-08,Financial Times,0.09
2017-12-08,Financial Times,-0.5574
2017-12-08,Financial Times,0.3818
2017-12-08,CNBC,-0.1326
2017-12-08,Jim Cramer,0.4404
2017-12-08,Financial Times,-0.34
2017-12-08,Jim Cramer,-0.0572
2017-12-08,Bloomberg Markets,-0.4939
2017-12-08,CNBC,-0.1326
2017-12-08,CNNMoney,0.2732
2017-12-08,Bloomberg Markets,0.2263
2017-12-08,CNBC,-0.1531
2017-12-08,Financial Times,0.2263
2017-12-08,CNBC,0.1695
2017-12-08,CNBC,-0.3804
2017-12-08,CNBC,0.0772
2017-12-08,CNBC,0.6124
2017-12-08,CNBC,-0.296
2017-12-08,CNBC,0.4404
2017-12-08,CNBC,0.4939
2017-12-08,WSJ Markets,0.6369
2017-12-08,Justin Wolfers,0.8777
2017-12-08,CNBC,0.25
2017-12-08,CNBC,0.34
2017-12-08,Paul Krugman,-0.5574
2017-12-08,Paul Krugman,-0.2732
2017-12-08,Bloomberg Markets,0.4019
2017-12-08,Jim Cramer,0.6239
2017-12-08,CNBC,0.5267
2017-12-08,Jim Cramer,-0.4767
2017-12-08,CNBC,0.7717
2017-12-08,CNNMoney,-0.34
2017-12-08,Financial Times,0.3612
2017-12-08,Justin Wolfers,-0.128
2017-12-08,The Motley Fool,0.9153
2017-12-08,Justin Wolfers,-0.1449
2017-12-08,Justin Wolfers,-0.8658
2017-12-08,Bloomberg Markets,0.3818
2017-12-08,CNBC,0.34
2017-12-08,CNBC,-0.3818
2017-12-08,Justin Wolfers,-0.1154
2017-12-08,Justin Wolfers,0.7351
2017-12-08,CNBC,0.7845
2017-12-08,CNNMoney,-0.6597
2017-12-08,Financial Times,-0.4404
2017-12-08,CNBC,0.4019
2017-12-08,Financial Times,0.2263
2017-12-08,CNBC,0.875
2017-12-08,Financial Times,-0.296
2017-12-08,CNBC,0.4939
2017-12-08,WSJ Markets,0.128
2017-12-08,Jim Cramer,0.6356
2017-12-08,CNBC,0.0258
2017-12-08,The Motley Fool,-0.1695
2017-12-08,CNBC,0.4019
2017-12-08,WSJ Markets,0.4767
2017-12-08,Financial Times,-0.296
2017-12-08,Bloomberg Markets,0.5719
2017-12-08,CNBC,0.2023
2017-12-08,Financial Times,-0.128
2017-12-08,CNNMoney,-0.2263
2017-12-08,CNBC,-0.2716
2017-12-08,CNBC,0.6369
2017-12-08,WSJ Markets,0.296
2017-12-08,Financial Times,-0.3612
2017-12-08,WSJ Markets,0.2023
2017-12-08,WSJ Markets,-0.4019
2017-12-08,Bloomberg Markets,-0.0191
2017-12-08,CNBC,-0.875
2017-12-08,Financial Times,-0.1027
2017-12-08,WSJ Markets,-0.296
2017-12-08,CNBC,0.296
2017-12-08,Financial Times,-0.4404
2017-12-08,CNBC,0.4404
2017-12-08,Jim Cramer,-0.296
2017-12-08,Paul Krugman,-0.5351
2017-12-08,Paul Krugman,0.5859
2017-12-08,WSJ Markets,0.34
2017-12-08,Paul Krugman,-0.4767
2017-12-08,Bloomberg Markets,0.6369
2017-12-08,Paul Krugman,0.1154
2017-12-08,CNBC,0.34
2017-12-08,Financial Times,0.296
2017-12-08,Paul Krugman,0.25
2017-12-08,CNBC,0.5144
2017-12-08,Paul Krugman,0.631
2017-12-08,WSJ Markets,0.25
2017-12-08,Financial Times,-0.4404
2017-12-08,WSJ Markets,0.5709
2017-12-08,Paul Krugman,-0.5362
2017-12-08,Paul Krugman,-0.7615
2017-12-08,WSJ Markets,0.6369
2017-12-08,Financial Times,-0.6369
2017-12-08,Financial Times,0.2023
2017-12-08,CNBC,0.1779
2017-12-08,WSJ Markets,0.3182
2017-12-08,CNNMoney,-0.7351
2017-12-08,WSJ Markets,0.4767
2017-12-08,CNBC,0.128
2017-12-08,Bloomberg Markets,0.1027
2017-12-08,CNBC,-0.5106
2017-12-08,Bloomberg Markets,0.2732
2017-12-08,CNBC,0.6705
2017-12-08,Jim Cramer,0.2263
2017-12-08,CNBC,0.1779
2017-12-08,WSJ Markets,0.0772
2017-12-08,Financial Times,0.296
2017-12-08,Justin Wolfers,-0.5994
2017-12-08,Justin Wolfers,-0.926
2017-12-08,CNBC,0.5859
2017-12-08,Bloomberg Markets,-0.4019
2017-12-08,Justin Wolfers,-0.8885
2017-12-08,CNNMoney,0.2732
2017-12-08,CNBC,0.4588
2017-12-08,Jim Cramer,-0.2942
2017-12-08,Paul Krugman,0.5719
2017-12-08,CNBC,0.2023
2017-12-08,CNBC,-0.2263
2017-12-08,Jim Cramer,-0.4559
2017-12-08,Justin Wolfers,-0.8216
2017-12-08,Jim Cramer,-0.5574
2017-12-08,CNNMoney,0.0772
2017-12-08,Jim Cramer,-0.5423
2017-12-08,Paul Krugman,0.0772
2017-12-08,CNBC,0.5267
2017-12-08,Bloomberg Markets,-0.2732
2017-12-08,CNBC,0.1139
2017-12-08,Paul Krugman,-0.6801
2017-12-08,Paul Krugman,0.25
2017-12-08,CNBC,-0.128
2017-12-08,CNBC,0.5106
2017-12-08,CNNMoney,0.25
2017-12-08,CNNMoney,-0.6908
2017-12-08,Bloomberg Markets,0.5574
2017-12-08,CNBC,0.6808
2017-12-08,Paul Krugman,-0.5413
2017-12-08,WSJ Markets,0.2023
2017-12-08,WSJ Markets,-0.2732
2017-12-08,Jim Cramer,-0.5187
2017-12-08,Justin Wolfers,0.1739
2017-12-08,WSJ Markets,-0.8442
2017-12-08,WSJ Markets,0.25
2017-12-08,Justin Wolfers,0.1779
2017-12-08,WSJ Markets,0.4767
2017-12-08,WSJ Markets,0.6369
2017-12-08,WSJ Markets,0.5106
2017-12-08,WSJ Markets,0.3182
2017-12-08,Financial Times,0.1531
2017-12-08,CNBC,0.2023
2017-12-08,Justin Wolfers,0.1531
2017-12-08,CNNMoney,-0.4404
2017-12-08,Jim Cramer,-0.4404
2017-12-08,Financial Times,0.1779
2017-12-08,WSJ Markets,0.4767
2017-12-08,CNBC,0.2558
2017-12-08,Financial Times,-0.6808
2017-12-08,WSJ Markets,0.0772
2017-12-08,CNNMoney,0.6486
2017-12-08,CNBC,-0.5267
2017-12-08,WSJ Markets,0.25
2017-12-08,CNBC,0.3612
2017-12-08,CNNMoney,0.1779
2017-12-08,CNBC,0.6249
2017-12-09,The Motley Fool,0.636
2017-12-09,Financial Times,-0.3818
2017-12-09,Financial Times,-0.4767
2017-12-09,WSJ Markets,0.4019
2017-12-09,The Motley Fool,0.3182
2017-12-09,CNNMoney,0.3612
2017-12-09,WSJ Markets,0.3818
2017-12-09,Financial Times,-0.4215
2017-12-09,WSJ Markets,0.6369
2017-12-09,WSJ Markets,0.4767
2017-12-09,CNBC,0.3182
2017-12-09,The Motley Fool,0.5106
2017-12-09,WSJ Markets,0.128
2017-12-09,CNBC,0.0258
2017-12-09,WSJ Markets,0.2023
2017-12-09,CNBC,-0.6712
2017-12-09,CNBC,0.4404
2017-12-09,CNBC,-0.3182
2017-12-09,CNBC,0.1779
2017-12-09,CNBC,0.1779
2017-12-09,Financial Times,0.3612
2017-12-09,CNNMoney,0.0258
2017-12-09,CNBC,0.34
2017-12-09,CNBC,0.2023
2017-12-09,CNBC,0.7845
2017-12-09,CNNMoney,0.7096
2017-12-09,WSJ Markets,-0.4019
2017-12-09,CNBC,-0.802
2017-12-09,CNNMoney,0.4767
2017-12-09,CNNMoney,0.4019
2017-12-09,WSJ Markets,-0.3182
2017-12-09,Financial Times,-0.34
2017-12-09,WSJ Markets,0.3818
2017-12-09,CNNMoney,0.0772
2017-12-09,CNBC,0.4939
2017-12-09,CNNMoney,0.25
2017-12-09,The Motley Fool,0.3182
2017-12-09,WSJ Markets,0.5106
2017-12-09,Financial Times,-0.3612
2017-12-09,CNNMoney,-0.2263
2017-12-09,WSJ Markets,0.25
2017-12-09,CNBC,0.128
2017-12-09,WSJ Markets,-0.8442
2017-12-09,Paul Krugman,0.1531
2017-12-09,Paul Krugman,-0.6808
2017-12-09,WSJ Markets,0.4767
2017-12-09,WSJ Markets,0.6369
2017-12-09,CNBC,-0.3182
2017-12-09,CNBC,-0.3182
2017-12-09,WSJ Markets,0.3182
2017-12-09,The Motley Fool,0.7269
2017-12-09,Paul Krugman,0.0772
2017-12-09,CNNMoney,0.34
2017-12-09,WSJ Markets,0.4019
2017-12-09,CNBC,0.4215
2017-12-09,CNNMoney,0.2023
2017-12-09,WSJ Markets,0.4877
2017-12-09,CNBC,0.128
2017-12-09,Financial Times,-0.4588
2017-12-09,Justin Wolfers,-0.0258
2017-12-09,WSJ Markets,0.4767
2017-12-09,CNBC,-0.5994
2017-12-09,Jim Cramer,0.2617
2017-12-09,WSJ Markets,0.25
2017-12-09,Financial Times,-0.4939
2017-12-09,CNNMoney,-0.802
2017-12-09,WSJ Markets,0.0772
2017-12-09,CNBC,0.2057
2017-12-09,CNNMoney,0.7241
2017-12-09,Paul Krugman,-0.7717
2017-12-09,Financial Times,0.3612
2017-12-09,CNNMoney,-0.128
2017-12-09,WSJ Markets,0.128
2017-12-09,CNBC,-0.8126
2017-12-09,Jim Cramer,0.6124
2017-12-09,Jim Cramer,-0.631
2017-12-09,CNBC,-0.34
2017-12-09,Jim Cramer,0.5538
2017-12-09,Jim Cramer,0.4404
2017-12-09,Jim Cramer,-0.4404
2017-12-09,Jim Cramer,0.5574
2017-12-09,Jim Cramer,-0.7845
2017-12-09,CNNMoney,0.0243
2017-12-09,Jim Cramer,0.5859
2017-12-09,WSJ Markets,0.4767
2017-12-09,CNBC,-0.765
2017-12-09,CNBC,0.3818
2017-12-09,The Motley Fool,0.6249
2017-12-09,CNNMoney,0.0772
2017-12-09,WSJ Markets,0.0772
2017-12-09,CNNMoney,0.5106
2017-12-09,Paul Krugman,0.6359
2017-12-09,WSJ Markets,0.6369
2017-12-09,CNBC,0.0772
2017-12-09,CNNMoney,-0.4767
2017-12-09,WSJ Markets,0.3182
2017-12-09,Jim Cramer,0.4939
2017-12-09,Jim Cramer,0.5267
2017-12-09,Jim Cramer,-0.296
2017-12-09,Jim Cramer,-0.5719
2017-12-09,Jim Cramer,0.5911
2017-12-09,CNBC,-0.0258
2017-12-09,CNNMoney,0.4404
2017-12-09,WSJ Markets,0.4877
2017-12-09,Jim Cramer,0.4767
2017-12-09,Jim Cramer,0.5267
2017-12-09,WSJ Markets,-0.2732
2017-12-09,CNNMoney,0.0772
2017-12-09,WSJ Markets,-0.8442
2017-12-09,CNNMoney,0.4939
2017-12-10,CNNMoney,-0.7579
2017-12-10,WSJ Markets,0.4019
2017-12-10,CNNMoney,-0.1027
2017-12-10,WSJ Markets,0.4767
2017-12-10,Bloomberg Markets,0.2799
2017-12-10,Justin Wolfers,0.4215
2017-12-10,CNNMoney,0.7964
2017-12-10,CNBC,-0.4404
2017-12-10,CNBC,0.0516
2017-12-10,CNNMoney,0.2732
2017-12-10,Financial Times,-0.0772
2017-12-10,Jim Cramer,0.7701
2017-12-10,CNNMoney,0.5106
2017-12-10,CNNMoney,-0.0951
2017-12-10,Financial Times,-0.1779
2017-12-10,CNBC,0.3612
2017-12-10,Financial Times,-0.4939
2017-12-10,CNNMoney,-0.0772
2017-12-10,Financial Times,-0.5859
2017-12-10,CNBC,0.5719
2017-12-10,CNNMoney,-0.296
2017-12-10,Financial Times,0.296
2017-12-10,Financial Times,0.0772
2017-12-10,Bloomberg Markets,0.2799
2017-12-10,CNNMoney,0.3182
2017-12-10,CNBC,0.7269
2017-12-10,CNNMoney,0.0258
2017-12-10,Financial Times,-0.1027
2017-12-10,CNNMoney,0.1779
2017-12-10,The Motley Fool,0.2748
2017-12-10,CNNMoney,0.4767
2017-12-10,CNNMoney,-0.5423
2017-12-10,CNNMoney,0.128
2017-12-10,Paul Krugman,0.3612
2017-12-10,Paul Krugman,0.6369
2017-12-10,Paul Krugman,-0.785
2017-12-10,Paul Krugman,0.6115
2017-12-10,WSJ Markets,0.128
2017-12-10,Paul Krugman,-0.4559
2017-12-10,Paul Krugman,-0.7184
2017-12-10,Paul Krugman,-0.802
2017-12-10,Paul Krugman,-0.8827
2017-12-10,WSJ Markets,0.6369
2017-12-10,Paul Krugman,-0.7827
2017-12-10,Paul Krugman,0.8402
2017-12-10,Paul Krugman,-0.3483
2017-12-10,Paul Krugman,-0.2732
2017-12-10,Paul Krugman,-0.0258
2017-12-10,Paul Krugman,0.2247
2017-12-10,Justin Wolfers,-0.4939
2017-12-10,Paul Krugman,-0.6249
2017-12-10,Paul Krugman,-0.9153
2017-12-10,CNNMoney,0.0772
2017-12-10,Financial Times,0.4215
2017-12-10,Jim Cramer,0.9298
2017-12-10,Bloomberg Markets,0.4939
2017-12-10,Jim Cramer,0.4344
2017-12-10,Financial Times,-0.5267
2017-12-10,WSJ Markets,0.4767
2017-12-10,Financial Times,-0.765
2017-12-10,WSJ Markets,-0.6124
2017-12-10,The Motley Fool,-0.3818
2017-12-10,Jim Cramer,0.7644
2017-12-10,CNBC,-0.3818
2017-12-10,Financial Times,0.5719
2017-12-10,WSJ Markets,-0.2732
2017-12-10,CNBC,0.5423
2017-12-10,CNBC,0.2263
2017-12-10,WSJ Markets,-0.1901
2017-12-10,Financial Times,-0.3612
2017-12-10,WSJ Markets,0.4215
2017-12-10,Financial Times,0.6249
2017-12-10,Financial Times,-0.3818
2017-12-10,Justin Wolfers,0.5707
2017-12-10,The Motley Fool,-0.5594
2017-12-10,CNBC,0.6705
2017-12-10,CNNMoney,0.4939
2017-12-10,CNBC,-0.4767
2017-12-10,Financial Times,-0.34
2017-12-10,CNBC,0.7206
2017-12-10,CNBC,0.5267
2017-12-10,Financial Times,-0.4939
2017-12-10,Financial Times,-0.5719
2017-12-10,Financial Times,0.5556
2017-12-10,WSJ Markets,0.4019
2017-12-10,Financial Times,0.2023
2017-12-10,WSJ Markets,-0.6124
2017-12-10,WSJ Markets,0.4215
2017-12-10,Paul Krugman,0.1901
2017-12-10,WSJ Markets,-0.2732
2017-12-10,WSJ Markets,-0.8442
2017-12-10,CNNMoney,0.2732
2017-12-10,WSJ Markets,-0.1901
2017-12-10,Financial Times,0.2023
2017-12-10,WSJ Markets,0.4767
2017-12-10,Bloomberg Markets,0.2799
2017-12-10,CNNMoney,0.4019
2017-12-10,WSJ Markets,-0.6124
2017-12-10,WSJ Markets,-0.2732
2017-12-10,Bloomberg Markets,0.4215
2017-12-10,CNNMoney,-0.7351
2017-12-10,Justin Wolfers,0.4404
2017-12-10,Bloomberg Markets,-0.4019
2017-12-10,WSJ Markets,0.6369
2017-12-10,Financial Times,-0.128
2017-12-10,CNBC,0.5267
2017-12-10,CNNMoney,0.0516
2017-12-11,CNNMoney,-0.4215
2017-12-11,Financial Times,-0.4215
2017-12-11,Financial Times,-0.0516
2017-12-11,Financial Times,0.3182
2017-12-11,Bloomberg Markets,0.34
2017-12-11,WSJ Markets,0.4215
2017-12-11,Financial Times,0.3818
2017-12-11,Bloomberg Markets,0.4939
2017-12-11,CNNMoney,0.2732
2017-12-11,CNNMoney,0.4215
2017-12-11,The Motley Fool,-0.194
2017-12-11,CNNMoney,0.296
2017-12-11,Financial Times,-0.4019
2017-12-11,CNNMoney,0.4588
2017-12-11,WSJ Markets,-0.1901
2017-12-11,Financial Times,-0.3182
2017-12-11,WSJ Markets,-0.2732
2017-12-11,Financial Times,-0.4588
2017-12-11,WSJ Markets,-0.6124
2017-12-11,CNNMoney,0.746
2017-12-11,Financial Times,-0.296
2017-12-11,Financial Times,-0.6597
2017-12-11,Financial Times,0.4019
2017-12-11,Financial Times,-0.1779
2017-12-11,Financial Times,-0.5574
2017-12-11,Financial Times,0.3182
2017-12-11,Financial Times,0.296
2017-12-11,Financial Times,-0.4404
2017-12-11,CNBC,-0.1027
2017-12-11,Bloomberg Markets,-0.3353
2017-12-11,Financial Times,0.3612
2017-12-11,Bloomberg Markets,0.2732
2017-12-11,Financial Times,0.4019
2017-12-11,CNBC,-0.296
2017-12-11,Bloomberg Markets,-0.5096
2017-12-11,Financial Times,-0.4767
2017-12-11,CNBC,0.4404
2017-12-11,Bloomberg Markets,-0.1531
2017-12-11,Bloomberg Markets,0.4939
2017-12-11,CNNMoney,-0.9349
2017-12-11,Financial Times,-0.4019
2017-12-11,Financial Times,-0.0516
2017-12-11,Financial Times,0.3818
2017-12-11,WSJ Markets,-0.2732
2017-12-11,CNNMoney,0.4939
2017-12-11,Financial Times,-0.5267
2017-12-11,Financial Times,0.34
2017-12-11,Financial Times,-0.4019
2017-12-11,CNBC,-0.4215
2017-12-11,Financial Times,0.3182
2017-12-11,Jim Cramer,0.7461
2017-12-11,Jim Cramer,0.4404
2017-12-11,Financial Times,-0.3818
2017-12-11,Financial Times,0.34
2017-12-11,Financial Times,0.4019
2017-12-11,WSJ Markets,0.4767
2017-12-11,CNBC,-0.0772
2017-12-11,Financial Times,0.5106
2017-12-11,Financial Times,-0.0258
2017-12-11,WSJ Markets,-0.6249
2017-12-11,CNNMoney,-0.5859
2017-12-11,WSJ Markets,0.128
2017-12-11,WSJ Markets,0.6369
2017-12-11,Financial Times,0.296
2017-12-11,Bloomberg Markets,0.3818
2017-12-11,Jim Cramer,-0.1779
2017-12-11,CNBC,0.6808
2017-12-11,CNBC,-0.3182
2017-12-11,Financial Times,0.4019
2017-12-11,WSJ Markets,-0.6124
2017-12-11,Financial Times,-0.6124
2017-12-11,WSJ Markets,-0.2732
2017-12-11,WSJ Markets,-0.1901
2017-12-11,CNBC,-0.0516
2017-12-11,Bloomberg Markets,0.5574
2017-12-11,WSJ Markets,0.4215
2017-12-11,Financial Times,-0.1027
2017-12-11,CNBC,-0.2023
2017-12-11,CNBC,0.7206
2017-12-11,CNBC,-0.296
2017-12-11,CNBC,-0.1779
2017-12-11,CNBC,-0.4404
2017-12-11,Paul Krugman,0.296
2017-12-11,Financial Times,0.0516
2017-12-11,CNBC,0.1139
2017-12-11,CNBC,-0.6124
2017-12-11,Bloomberg Markets,0.6249
2017-12-11,Paul Krugman,-0.4404
2017-12-11,Financial Times,-0.6249
2017-12-11,The Motley Fool,-0.2732
2017-12-11,WSJ Markets,-0.0516
2017-12-11,Financial Times,0.0772
2017-12-11,CNBC,0.4767
2017-12-11,CNBC,0.4767
2017-12-11,CNBC,0.3425
2017-12-11,CNBC,-0.5574
2017-12-11,WSJ Markets,-0.6124
2017-12-11,CNBC,-0.4019
2017-12-11,Financial Times,0.1027
2017-12-11,CNBC,-0.5423
2017-12-11,Jim Cramer,0.0258
2017-12-11,CNBC,-0.6908
2017-12-11,CNBC,0.4019
2017-12-11,WSJ Markets,-0.2263
2017-12-11,Financial Times,-0.5423
2017-12-11,Jim Cramer,-0.3527
2017-12-11,WSJ Markets,-0.5423
2017-12-11,Financial Times,0.5106
2017-12-11,CNBC,0.3612
2017-12-11,CNBC,0.5719
2017-12-11,CNNMoney,-0.4215
2017-12-11,CNBC,0.4019
2017-12-11,CNBC,-0.296
2017-12-11,WSJ Markets,-0.6705
2017-12-11,CNBC,0.6369
2017-12-11,Financial Times,-0.1027
2017-12-11,WSJ Markets,-0.6249
2017-12-11,The Motley Fool,-0.2247
2017-12-11,CNBC,-0.1027
2017-12-11,Financial Times,0.5267
2017-12-11,CNNMoney,-0.8221
2017-12-11,Financial Times,-0.6124
2017-12-11,CNBC,-0.4939
2017-12-11,CNBC,0.1027
2017-12-11,Financial Times,-0.2732
2017-12-11,CNNMoney,-0.765
2017-12-11,Paul Krugman,-0.4588
2017-12-11,WSJ Markets,0.4215
2017-12-11,Financial Times,-0.5423
2017-12-11,CNBC,-0.3182
2017-12-11,The Motley Fool,0.7659
2017-12-11,Bloomberg Markets,-0.3182
2017-12-11,Financial Times,0.1027
2017-12-11,CNBC,0.6369
2017-12-11,WSJ Markets,0.5106
2017-12-11,CNBC,0.4019
2017-12-11,CNBC,0.6249
2017-12-11,The Motley Fool,0.4184
2017-12-11,CNBC,-0.2732
2017-12-11,CNNMoney,0.8555
2017-12-11,WSJ Markets,-0.4939
2017-12-11,Paul Krugman,0.5255
2017-12-11,CNBC,0.2023
2017-12-11,Paul Krugman,-0.4939
2017-12-11,Paul Krugman,-0.7245
2017-12-11,Jim Cramer,-0.9005
2017-12-11,Financial Times,0.5106
2017-12-11,Jim Cramer,0.6808
2017-12-11,WSJ Markets,-0.128
2017-12-11,CNBC,0.3818
2017-12-11,WSJ Markets,-0.2263
2017-12-11,CNNMoney,-0.5574
2017-12-11,Financial Times,-0.1531
2017-12-11,Financial Times,-0.4404
2017-12-11,Financial Times,-0.3612
2017-12-11,Jim Cramer,0.1779
2017-12-11,CNBC,-0.5719
2017-12-11,Jim Cramer,0.4199
2017-12-11,CNBC,0.4779
2017-12-11,Jim Cramer,-0.1027
2017-12-11,CNBC,0.2023
2017-12-11,Financial Times,0.25
2017-12-11,Financial Times,-0.3818
2017-12-11,Financial Times,-0.5719
2017-12-11,CNBC,0.6908
2017-12-11,CNBC,0.5574
2017-12-11,CNBC,0.6124
2017-12-11,WSJ Markets,0.4215
2017-12-11,Financial Times,0.1779
2017-12-11,Paul Krugman,0.6808
2017-12-11,CNBC,0.1779
2017-12-11,WSJ Markets,-0.0516
2017-12-11,CNBC,-0.6908
2017-12-11,Financial Times,-0.2732
2017-12-11,CNBC,0.3612
2017-12-11,CNBC,0.3818
2017-12-11,CNBC,0.2023
2017-12-11,WSJ Markets,-0.5423
2017-12-11,WSJ Markets,-0.5994
2017-12-11,CNBC,0.34
2017-12-11,Jim Cramer,-0.2263
2017-12-11,Financial Times,-0.34
2017-12-11,CNBC,0.1027
2017-12-11,CNBC,0.6369
2017-12-11,CNBC,0.3425
2017-12-11,CNBC,-0.3612
2017-12-11,The Motley Fool,0.1477
2017-12-11,CNBC,0.7783
2017-12-11,WSJ Markets,0.4215
2017-12-11,Financial Times,-0.3182
2017-12-11,CNBC,0.5719
2017-12-11,Bloomberg Markets,-0.1779
2017-12-11,WSJ Markets,-0.6249
2017-12-11,CNBC,0.2263
2017-12-11,Bloomberg Markets,-0.2716
2017-12-11,Financial Times,-0.1027
2017-12-11,CNBC,-0.6124
2017-12-11,CNNMoney,-0.6652
2017-12-11,Bloomberg Markets,0.4019
2017-12-11,CNBC,0.296
2017-12-11,CNBC,-0.5106
2017-12-11,Financial Times,0.4019
2017-12-11,Bloomberg Markets,-0.3612
2017-12-11,CNBC,-0.128
2017-12-11,WSJ Markets,0.2263
2017-12-11,Jim Cramer,0.3382
2017-12-11,CNBC,-0.34
2017-12-11,WSJ Markets,0.4767
2017-12-11,Financial Times,0.4019
2017-12-11,The Motley Fool,0.5106
2017-12-11,Jim Cramer,0.6124
2017-12-11,CNBC,-0.8338
2017-12-11,WSJ Markets,-0.296
2017-12-11,CNBC,0.1779
2017-12-11,CNBC,-0.5267
2017-12-11,CNBC,0.4767
2017-12-11,CNNMoney,0.25
2017-12-11,CNBC,0.2732
2017-12-11,CNNMoney,0.2732
2017-12-11,Financial Times,-0.5106
2017-12-11,Financial Times,-0.1027
2017-12-11,WSJ Markets,0.5574
2017-12-11,Financial Times,0.2732
2017-12-11,CNBC,-0.3818
2017-12-11,CNBC,-0.5423
2017-12-11,CNBC,0.5993
2017-12-11,WSJ Markets,0.4019
2017-12-11,Bloomberg Markets,0.4939
2017-12-11,WSJ Markets,-0.1027
2017-12-11,Financial Times,-0.296
2017-12-11,WSJ Markets,0.5106
2017-12-11,CNBC,-0.1027
2017-12-11,CNBC,0.128
2017-12-11,WSJ Markets,-0.5994
2017-12-11,CNBC,0.0772
2017-12-11,CNBC,0.2023
2017-12-11,CNNMoney,0.4404
2017-12-11,CNBC,-0.4767
2017-12-11,WSJ Markets,-0.0516
2017-12-11,WSJ Markets,-0.4939
2017-12-11,Financial Times,0.34
2017-12-11,CNNMoney,-0.34
2017-12-11,WSJ Markets,-0.2263
2017-12-11,WSJ Markets,-0.5423
2017-12-11,CNNMoney,-0.4019
2017-12-11,WSJ Markets,-0.4019
2017-12-11,CNBC,0.296
2017-12-11,CNBC,0.5965
2017-12-11,CNBC,0.3612
2017-12-11,CNBC,0.4019
2017-12-11,WSJ Markets,0.4019
2017-12-11,CNBC,0.3818
2017-12-11,Financial Times,-0.3182
2017-12-11,CNBC,0.4754
2017-12-11,CNBC,0.2057
2017-12-11,CNBC,0.2263
2017-12-12,CNBC,0.2732
2017-12-12,Financial Times,-0.3182
2017-12-12,Justin Wolfers,0.1901
2017-12-12,Bloomberg Markets,-0.2263
2017-12-12,CNBC,0.2023
2017-12-12,CNBC,0.5106
2017-12-12,Financial Times,0.5574
2017-12-12,Financial Times,0.0258
2017-12-12,CNNMoney,0.2028
2017-12-12,WSJ Markets,-0.296
2017-12-12,CNBC,0.25
2017-12-12,CNBC,0.2023
2017-12-12,CNBC,0.4767
2017-12-12,WSJ Markets,0.5574
2017-12-12,Bloomberg Markets,-0.1695
2017-12-12,Justin Wolfers,0.4404
2017-12-12,WSJ Markets,-0.5994
2017-12-12,Bloomberg Markets,0.4767
2017-12-12,CNBC,0.3612
2017-12-12,WSJ Markets,-0.0516
2017-12-12,Financial Times,-0.296
2017-12-12,Bloomberg Markets,0.1531
2017-12-12,CNNMoney,0.5859
2017-12-12,Financial Times,0.1779
2017-12-12,CNBC,0.6249
2017-12-12,CNBC,0.5423
2017-12-12,CNNMoney,0.4939
2017-12-12,WSJ Markets,-0.2263
2017-12-12,WSJ Markets,-0.128
2017-12-12,CNBC,-0.2023
2017-12-12,Financial Times,0.4767
2017-12-12,WSJ Markets,-0.4939
2017-12-12,Bloomberg Markets,0.25
2017-12-12,Financial Times,0.4215
2017-12-12,CNBC,0.5719
2017-12-12,CNNMoney,0.6369
2017-12-12,Financial Times,0.4939
2017-12-12,Financial Times,-0.1779
2017-12-12,Financial Times,0.6124
2017-12-12,Financial Times,0.4939
2017-12-12,Financial Times,-0.0516
2017-12-12,Financial Times,-0.3818
2017-12-12,Financial Times,0.4939
2017-12-12,CNBC,0.1779
2017-12-12,Financial Times,-0.5106
2017-12-12,CNBC,0.6124
2017-12-12,CNBC,-0.5719
2017-12-12,CNBC,0.296
2017-12-12,CNBC,0.5106
2017-12-12,WSJ Markets,0.5106
2017-12-12,Financial Times,0.3612
2017-12-12,CNBC,0.2732
2017-12-12,WSJ Markets,-0.2263
2017-12-12,Financial Times,0.0951
2017-12-12,WSJ Markets,-0.4019
2017-12-12,Financial Times,0.1779
2017-12-12,WSJ Markets,0.4019
2017-12-12,CNNMoney,0.4939
2017-12-12,Financial Times,-0.3597
2017-12-12,WSJ Markets,-0.4939
2017-12-12,CNBC,-0.128
2017-12-12,Financial Times,0.4767
2017-12-12,Financial Times,0.6597
2017-12-12,Bloomberg Markets,-0.5267
2017-12-12,Bloomberg Markets,0.4767
2017-12-12,Bloomberg Markets,-0.0516
2017-12-12,Bloomberg Markets,0.5994
2017-12-12,Financial Times,-0.0258
2017-12-12,WSJ Markets,0.25
2017-12-12,CNNMoney,-0.4019
2017-12-12,Financial Times,0.4019
2017-12-12,CNBC,0.0951
2017-12-12,Jim Cramer,0.7783
2017-12-12,Financial Times,-0.0516
2017-12-12,Financial Times,0.128
2017-12-12,CNBC,-0.2732
2017-12-12,WSJ Markets,-0.5423
2017-12-12,Financial Times,-0.4215
2017-12-12,WSJ Markets,-0.5994
2017-12-12,CNBC,-0.6486
2017-12-12,CNNMoney,0.3818
2017-12-12,CNBC,0.1531
2017-12-12,Bloomberg Markets,-0.5719
2017-12-12,Financial Times,-0.4404
2017-12-12,Financial Times,0.7184
2017-12-12,Financial Times,0.3818
2017-12-12,CNBC,0.296
2017-12-12,WSJ Markets,-0.2263
2017-12-12,CNBC,-0.296
2017-12-12,CNBC,-0.4019
2017-12-12,Financial Times,-0.128
2017-12-12,Financial Times,0.3612
2017-12-12,WSJ Markets,-0.128
2017-12-12,Financial Times,0.3818
2017-12-12,Justin Wolfers,0.3182
2017-12-12,WSJ Markets,0.4019
2017-12-12,CNBC,0.4939
2017-12-12,CNBC,0.5423
2017-12-12,Bloomberg Markets,0.34
2017-12-12,Jim Cramer,0.3612
2017-12-12,Paul Krugman,-0.296
2017-12-12,The Motley Fool,0.4019
2017-12-12,Paul Krugman,-0.3313
2017-12-12,WSJ Markets,0.1154
2017-12-12,CNBC,0.3182
2017-12-12,CNBC,0.4215
2017-12-12,CNNMoney,0.3089
2017-12-12,WSJ Markets,0.5267
2017-12-12,Financial Times,0.0258
2017-12-12,CNBC,0.1548
2017-12-12,Financial Times,0.5106
2017-12-12,CNBC,-0.3506
2017-12-12,WSJ Markets,-0.2732
2017-12-12,Paul Krugman,0.3612
2017-12-12,Justin Wolfers,0.624
2017-12-12,Financial Times,0.2732
2017-12-12,WSJ Markets,-0.3818
2017-12-12,CNBC,-0.4404
2017-12-12,CNBC,-0.3182
2017-12-12,CNBC,0.7845
2017-12-12,CNNMoney,-0.5719
2017-12-12,CNBC,0.4404
2017-12-12,CNBC,0.6486
2017-12-12,CNBC,0.1779
2017-12-12,CNBC,-0.2263
2017-12-12,CNBC,0.4767
2017-12-12,CNBC,0.2716
2017-12-12,CNBC,0.4215
2017-12-12,CNNMoney,0.5574
2017-12-12,CNNMoney,-0.6249
2017-12-12,Bloomberg Markets,-0.2732
2017-12-12,Paul Krugman,0.34
2017-12-12,CNBC,-0.296
2017-12-12,Financial Times,0.4939
2017-12-12,Jim Cramer,0.3612
2017-12-12,CNBC,0.5994
2017-12-12,CNBC,0.2023
2017-12-12,CNBC,0.323
2017-12-12,CNNMoney,-0.7096
2017-12-12,CNBC,0.4939
2017-12-12,CNBC,0.5994
2017-12-12,CNNMoney,0.2144
2017-12-12,Financial Times,0.3818
2017-12-12,WSJ Markets,0.4215
2017-12-12,CNBC,0.6597
2017-12-12,Jim Cramer,-0.296
2017-12-12,Jim Cramer,0.6565
2017-12-12,Jim Cramer,-0.4019
2017-12-12,CNBC,-0.7579
2017-12-12,Jim Cramer,0.3612
2017-12-12,Bloomberg Markets,0.5719
2017-12-12,Financial Times,0.4019
2017-12-12,CNNMoney,0.4767
2017-12-12,CNBC,0.4939
2017-12-12,WSJ Markets,0.3597
2017-12-12,WSJ Markets,-0.0772
2017-12-12,WSJ Markets,0.25
2017-12-12,CNBC,0.4939
2017-12-12,WSJ Markets,0.6115
2017-12-12,CNBC,0.6597
2017-12-12,CNBC,0.7269
2017-12-12,CNBC,0.3182
2017-12-12,Financial Times,-0.296
2017-12-12,CNBC,-0.2732
2017-12-12,Financial Times,-0.5423
2017-12-12,CNBC,-0.3182
2017-12-12,Bloomberg Markets,0.296
2017-12-12,Financial Times,-0.3612
2017-12-12,Financial Times,-0.3612
2017-12-12,CNBC,0.481
2017-12-12,Paul Krugman,-0.3612
2017-12-12,WSJ Markets,0.1154
2017-12-12,Bloomberg Markets,-0.4588
2017-12-12,CNBC,0.4404
2017-12-12,Financial Times,-0.7351
2017-12-12,CNBC,0.1531
2017-12-12,CNBC,0.6124
2017-12-12,CNBC,0.25
2017-12-12,CNBC,0.5423
2017-12-12,WSJ Markets,-0.2732
2017-12-12,CNBC,-0.296
2017-12-12,CNBC,0.4019
2017-12-12,WSJ Markets,-0.3818
2017-12-12,Financial Times,-0.34
2017-12-12,Financial Times,-0.3612
2017-12-12,Financial Times,-0.5423
2017-12-12,CNBC,0.6369
2017-12-12,CNBC,0.3612
2017-12-12,WSJ Markets,0.4215
2017-12-12,Financial Times,0.5267
2017-12-12,Financial Times,0.0258
2017-12-12,CNBC,0.4939
2017-12-12,CNBC,-0.3818
2017-12-12,WSJ Markets,-0.0258
2017-12-12,CNNMoney,-0.7717
2017-12-12,Financial Times,-0.4404
2017-12-12,Bloomberg Markets,-0.2755
2017-12-12,CNBC,-0.3818
2017-12-12,CNBC,0.2235
2017-12-12,WSJ Markets,0.4019
2017-12-12,CNBC,-0.0772
2017-12-12,Financial Times,-0.2263
2017-12-12,CNBC,0.5719
2017-12-12,Financial Times,0.5719
2017-12-12,CNBC,-0.1154
2017-12-12,CNBC,0.2263
2017-12-12,WSJ Markets,-0.0772
2017-12-12,Financial Times,0.1531
2017-12-12,The Motley Fool,0.6808
2017-12-12,WSJ Markets,0.4019
2017-12-12,CNNMoney,-0.3252
2017-12-12,CNBC,0.2263
2017-12-12,CNBC,0.1027
2017-12-12,CNBC,0.296
2017-12-12,CNBC,0.4939
2017-12-12,Financial Times,0.0258
2017-12-12,CNBC,-0.296
2017-12-12,CNBC,0.3252
2017-12-12,Jim Cramer,-0.1027
2017-12-12,CNBC,-0.296
2017-12-12,WSJ Markets,-0.128
2017-12-12,CNBC,0.34
2017-12-12,Financial Times,-0.3818
2017-12-12,The Motley Fool,0.4215
2017-12-12,WSJ Markets,-0.5423
2017-12-12,Bloomberg Markets,0.34
2017-12-12,Jim Cramer,-0.6996
2017-12-12,CNBC,0.7096
2017-12-12,CNBC,0.4404
2017-12-12,WSJ Markets,0.8271
2017-12-12,CNBC,0.5719
2017-12-12,CNBC,0.4939
2017-12-12,Bloomberg Markets,0.2023
2017-12-12,CNBC,0.296
2017-12-12,CNBC,-0.296
2017-12-12,The Motley Fool,0.5563
2017-12-12,CNBC,0.5423
2017-12-12,Financial Times,0.296
2017-12-12,CNNMoney,0.2732
2017-12-12,CNBC,0.4019
2017-12-12,CNNMoney,-0.3182
2017-12-12,WSJ Markets,0.296
2017-12-12,Bloomberg Markets,0.1779
2017-12-12,CNBC,-0.6597
2017-12-12,Bloomberg Markets,-0.3713
2017-12-12,Bloomberg Markets,-0.1027
2017-12-12,CNBC,0.3612
2017-12-12,WSJ Markets,0.6115
2017-12-12,WSJ Markets,0.4215
2017-12-12,WSJ Markets,-0.3818
2017-12-12,Financial Times,0.0258
2017-12-12,Financial Times,-0.4215
2017-12-12,CNBC,0.2023
2017-12-12,WSJ Markets,-0.2732
2017-12-12,CNBC,-0.2808
2017-12-12,Financial Times,0.2263
2017-12-12,Financial Times,-0.2732
2017-12-12,CNBC,0.6386
2017-12-12,Bloomberg Markets,0.3182
2017-12-12,CNNMoney,0.4201
2017-12-12,Financial Times,0.2023
2017-12-12,CNBC,0.2023
2017-12-12,WSJ Markets,-0.0258
2017-12-12,WSJ Markets,0.8271
2017-12-12,CNBC,0.3612
2017-12-12,CNBC,-0.3612
2017-12-12,WSJ Markets,0.5473
2017-12-12,Financial Times,-0.2732
2017-12-12,CNBC,0.3612
2017-12-12,CNBC,0.516
2017-12-12,WSJ Markets,-0.0772
2017-12-12,Financial Times,0.128
2017-12-13,WSJ Markets,0.296
2017-12-13,CNBC,-0.4588
2017-12-13,The Motley Fool,0.3818
2017-12-13,Jim Cramer,0.296
2017-12-13,WSJ Markets,-0.7579
2017-12-13,Jim Cramer,-0.5848
2017-12-13,CNBC,0.4404
2017-12-13,The Motley Fool,0.4926
2017-12-13,WSJ Markets,0.4019
2017-12-13,Jim Cramer,0.3612
2017-12-13,CNNMoney,-0.2732
2017-12-13,WSJ Markets,0.6115
2017-12-13,WSJ Markets,0.5267
2017-12-13,CNBC,-0.4767
2017-12-13,CNBC,-0.6597
2017-12-13,CNNMoney,-0.1531
2017-12-13,Financial Times,-0.0772
2017-12-13,Financial Times,-0.5106
2017-12-13,Bloomberg Markets,0.2023
2017-12-13,Justin Wolfers,0.8176
2017-12-13,Justin Wolfers,0.4939
2017-12-13,CNBC,-0.296
2017-12-13,Financial Times,-0.3818
2017-12-13,CNNMoney,-0.3401
2017-12-13,Justin Wolfers,0.8176
2017-12-13,WSJ Markets,0.4215
2017-12-13,The Motley Fool,0.4404
2017-12-13,CNNMoney,0.0516
2017-12-13,Bloomberg Markets,0.6908
2017-12-13,Paul Krugman,0.7436
2017-12-13,CNBC,0.4215
2017-12-13,Justin Wolfers,0.5859
2017-12-13,Justin Wolfers,0.8625
2017-12-13,WSJ Markets,-0.2732
2017-12-13,Justin Wolfers,0.5719
2017-12-13,Justin Wolfers,0.4019
2017-12-13,Justin Wolfers,0.3182
2017-12-13,Justin Wolfers,-0.0772
2017-12-13,Bloomberg Markets,-0.7717
2017-12-13,Justin Wolfers,0.5106
2017-12-13,Justin Wolfers,-0.0343
2017-12-13,WSJ Markets,-0.3818
2017-12-13,CNBC,0.4404
2017-12-13,Justin Wolfers,0.4404
2017-12-13,Bloomberg Markets,-0.6705
2017-12-13,WSJ Markets,0.8271
2017-12-13,Paul Krugman,0.4019
2017-12-13,Justin Wolfers,0.3612
2017-12-13,Justin Wolfers,0.6369
2017-12-13,Justin Wolfers,0.7003
2017-12-13,Financial Times,0.1027
2017-12-13,Justin Wolfers,0.128
2017-12-13,CNBC,0.1531
2017-12-13,CNNMoney,-0.4588
2017-12-13,WSJ Markets,0.296
2017-12-13,Financial Times,0.1027
2017-12-13,CNNMoney,0.296
2017-12-13,WSJ Markets,0.25
2017-12-13,Justin Wolfers,0.308
2017-12-13,CNBC,0.8555
2017-12-13,WSJ Markets,-0.7579
2017-12-13,Financial Times,-0.3182
2017-12-13,Financial Times,0.4404
2017-12-13,CNBC,-0.4588
2017-12-13,CNBC,0.5859
2017-12-13,CNBC,-0.4019
2017-12-13,CNBC,0.7096
2017-12-13,CNBC,0.5859
2017-12-13,Financial Times,0.34
2017-12-13,CNBC,0.4019
2017-12-13,Financial Times,-0.3612
2017-12-13,Financial Times,-0.3182
2017-12-13,Financial Times,-0.128
2017-12-13,Financial Times,0.3818
2017-12-13,Financial Times,-0.296
2017-12-13,CNBC,0.2263
2017-12-13,CNBC,-0.4588
2017-12-13,CNBC,0.5719
2017-12-13,Bloomberg Markets,-0.4588
2017-12-13,CNBC,0.5719
2017-12-13,CNBC,0.5719
2017-12-13,Financial Times,0.6597
2017-12-13,Bloomberg Markets,-0.2732
2017-12-13,CNBC,0.2716
2017-12-13,WSJ Markets,0.1154
2017-12-13,Financial Times,-0.2263
2017-12-13,Bloomberg Markets,-0.4215
2017-12-13,Financial Times,0.1531
2017-12-13,WSJ Markets,0.4215
2017-12-13,WSJ Markets,-0.0258
2017-12-13,Financial Times,0.6808
2017-12-13,CNBC,0.2023
2017-12-13,CNNMoney,0.4019
2017-12-13,Financial Times,0.8271
2017-12-13,Financial Times,0.2023
2017-12-13,Financial Times,0.4404
2017-12-13,CNNMoney,0.5106
2017-12-13,Financial Times,0.296
2017-12-13,WSJ Markets,-0.0772
2017-12-13,CNBC,0.3818
2017-12-13,Bloomberg Markets,0.0516
2017-12-13,Financial Times,-0.555
2017-12-13,Financial Times,-0.6249
2017-12-13,Financial Times,0.25
2017-12-13,CNBC,0.2023
2017-12-13,Bloomberg Markets,-0.3182
2017-12-13,Financial Times,-0.296
2017-12-13,Financial Times,-0.2111
2017-12-13,Financial Times,0.4215
2017-12-13,Financial Times,0.34
2017-12-13,Financial Times,0.4404
2017-12-13,CNBC,0.1531
2017-12-13,CNNMoney,-0.3818
2017-12-13,Financial Times,-0.4404
2017-12-13,WSJ Markets,0.0343
2017-12-13,CNBC,0.2023
2017-12-13,CNNMoney,0.4215
2017-12-13,CNBC,0.5859
2017-12-13,WSJ Markets,0.5473
2017-12-13,Financial Times,0.296
2017-12-13,Financial Times,0.4404
2017-12-13,WSJ Markets,-0.2732
2017-12-13,WSJ Markets,-0.3818
2017-12-13,WSJ Markets,0.4215
2017-12-13,CNBC,-0.5719
2017-12-13,Bloomberg Markets,0.34
2017-12-13,Bloomberg Markets,0.34
2017-12-13,WSJ Markets,0.8271
2017-12-13,WSJ Markets,0.296
2017-12-13,CNBC,-0.0644
2017-12-13,Financial Times,0.34
2017-12-13,Financial Times,-0.34
2017-12-13,WSJ Markets,-0.7579
2017-12-13,Financial Times,0.6369
2017-12-13,CNBC,0.2263
2017-12-13,Bloomberg Markets,-0.5563
2017-12-13,Financial Times,0.5106
2017-12-13,CNBC,0.7964
2017-12-13,CNBC,-0.1027
2017-12-13,CNBC,0.5423
2017-12-13,Financial Times,-0.3182
2017-12-13,Financial Times,0.3612
2017-12-13,CNBC,0.2263
2017-12-13,The Motley Fool,-0.296
2017-12-13,CNBC,-0.5574
2017-12-13,Bloomberg Markets,-0.6705
2017-12-13,Financial Times,-0.5106
2017-12-13,CNBC,0.0258
2017-12-13,Financial Times,0.5267
2017-12-13,Financial Times,0.1655
2017-12-13,CNNMoney,-0.2952
2017-12-13,CNBC,0.2263
2017-12-13,CNBC,-0.3182
2017-12-13,CNBC,0.285
2017-12-13,CNBC,0.0258
2017-12-13,CNBC,0.4767
2017-12-13,Jim Cramer,0.6369
2017-12-13,CNBC,-0.3612
2017-12-13,Financial Times,-0.34
2017-12-13,CNBC,0.4019
2017-12-13,Jim Cramer,0.8533
2017-12-13,Bloomberg Markets,-0.5267
2017-12-13,CNBC,0.6764
2017-12-13,CNNMoney,0.3612
2017-12-13,CNBC,0.4767
2017-12-13,CNBC,-0.3182
2017-12-13,Financial Times,0.0772
2017-12-13,Financial Times,0.4019
2017-12-13,CNBC,0.1027
2017-12-13,Paul Krugman,0.5574
2017-12-13,CNBC,-0.3818
2017-12-13,CNBC,0.7783
2017-12-13,Financial Times,0.0772
2017-12-13,CNBC,-0.4215
2017-12-13,CNBC,0.6219
2017-12-13,Financial Times,0.5423
2017-12-13,CNBC,0.4215
2017-12-13,The Motley Fool,-0.4201
2017-12-13,CNBC,0.4767
2017-12-13,Financial Times,0.34
2017-12-13,Financial Times,-0.7003
2017-12-13,CNBC,0.34
2017-12-13,CNBC,-0.3182
2017-12-13,CNNMoney,0.4215
2017-12-13,Financial Times,0.296
2017-12-13,Financial Times,0.296
2017-12-13,CNBC,-0.2263
2017-12-13,CNBC,-0.2263
2017-12-13,CNBC,0.2023
2017-12-13,CNBC,0.296
2017-12-13,WSJ Markets,0.8271
2017-12-13,Bloomberg Markets,0.2023
2017-12-13,CNBC,-0.2382
2017-12-13,Financial Times,0.5574
2017-12-13,CNBC,-0.34
2017-12-13,CNBC,-0.296
2017-12-13,Bloomberg Markets,0.2235
2017-12-13,CNNMoney,0.1779
2017-12-13,Financial Times,0.1531
2017-12-13,CNBC,0.5106
2017-12-13,Financial Times,0.5859
2017-12-13,CNBC,0.34
2017-12-13,CNBC,-0.2023
2017-12-13,Financial Times,0.7351
2017-12-13,Financial Times,-0.6249
2017-12-13,Financial Times,-0.0516
2017-12-13,The Motley Fool,-0.2006
2017-12-13,CNBC,0.2023
2017-12-13,CNBC,-0.4939
2017-12-13,CNBC,0.6369
2017-12-13,CNBC,-0.4767
2017-12-13,CNNMoney,-0.6666
2017-12-13,Financial Times,-0.3818
2017-12-13,Financial Times,-0.3612
2017-12-13,CNBC,-0.3612
2017-12-13,Financial Times,0.1531
2017-12-13,CNBC,0.6486
2017-12-13,Financial Times,-0.3182
2017-12-13,Bloomberg Markets,-0.4215
2017-12-13,CNBC,0.3612
2017-12-13,Financial Times,0.4404
2017-12-13,Financial Times,0.743
2017-12-13,The Motley Fool,-0.6908
2017-12-13,Bloomberg Markets,0.3167
2017-12-13,Financial Times,-0.128
2017-12-13,Financial Times,-0.0516
2017-12-13,CNNMoney,0.296
2017-12-13,Financial Times,-0.0516
2017-12-13,CNBC,0.5106
2017-12-13,CNBC,0.4939
2017-12-13,CNNMoney,0.4939
2017-12-13,CNBC,0.6369
2017-12-13,Financial Times,-0.4019
2017-12-13,Bloomberg Markets,0.4019
2017-12-13,CNBC,0.8087
2017-12-13,CNBC,-0.2023
2017-12-13,CNBC,0.3818
2017-12-13,CNBC,0.3818
2017-12-13,Paul Krugman,-0.4767
2017-12-13,Justin Wolfers,0.4588
2017-12-13,Financial Times,0.4588
2017-12-13,Financial Times,-0.3182
2017-12-13,Financial Times,0.4767
2017-12-13,CNBC,0.4767
2017-12-13,Bloomberg Markets,-0.765
2017-12-13,CNBC,0.4588
2017-12-13,Financial Times,-0.4588
2017-12-13,Financial Times,-0.5994
2017-12-13,Financial Times,0.5994
2017-12-13,CNBC,-0.3612
2017-12-13,CNNMoney,0.4215
2017-12-13,CNBC,-0.5574
2017-12-13,Justin Wolfers,0.8268
2017-12-13,Financial Times,-0.4939
2017-12-13,CNBC,0.0772
2017-12-13,CNBC,0.7579
2017-12-13,CNBC,-0.3818
2017-12-13,CNBC,0.0436
2017-12-13,CNBC,0.1761
2017-12-13,CNBC,0.1531
2017-12-13,CNBC,0.1901
2017-12-13,CNBC,-0.4767
2017-12-13,Bloomberg Markets,0.5267
2017-12-13,Financial Times,-0.5859
2017-12-13,Justin Wolfers,-0.0772
2017-12-13,The Motley Fool,0.4522
2017-12-13,CNBC,0.4939
2017-12-13,CNBC,0.128
2017-12-13,Financial Times,-0.128
2017-12-13,CNBC,-0.3182
2017-12-13,Jim Cramer,-0.7488
2017-12-13,Jim Cramer,0.4404
2017-12-13,CNBC,-0.5574
2017-12-13,Jim Cramer,-0.5423
2017-12-13,CNBC,0.1531
2017-12-13,CNBC,-0.4767
2017-12-13,Bloomberg Markets,0.1027
2017-12-13,CNBC,-0.3818
2017-12-13,Financial Times,-0.3612
2017-12-13,CNNMoney,0.4588
2017-12-13,CNBC,-0.5994
2017-12-13,Financial Times,-0.296
2017-12-13,CNBC,0.3818
2017-12-13,Bloomberg Markets,0.6486
2017-12-13,CNBC,0.34
2017-12-13,Financial Times,0.296
2017-12-13,CNBC,-0.6808
2017-12-13,CNBC,0.0772
2017-12-13,Bloomberg Markets,0.6597
2017-12-13,Bloomberg Markets,-0.296
2017-12-13,CNBC,0.6705
2017-12-13,Financial Times,-0.4939
2017-12-13,CNNMoney,-0.5849
2017-12-13,Bloomberg Markets,0.2263
2017-12-13,Financial Times,0.25
2017-12-13,CNBC,-0.5994
2017-12-13,Financial Times,-0.4215
2017-12-13,CNNMoney,-0.296
2017-12-13,Financial Times,0.7845
2017-12-13,Financial Times,0.4215
2017-12-13,CNBC,0.4404
2017-12-13,Jim Cramer,0.2023
2017-12-13,Financial Times,0.296
2017-12-13,CNBC,-0.3818
2017-12-13,CNBC,0.4939
2017-12-14,CNNMoney,-0.4215
2017-12-14,Jim Cramer,0.5768
2017-12-14,Jim Cramer,-0.6114
2017-12-14,Jim Cramer,0.3612
2017-12-14,CNBC,0.1901
2017-12-14,Jim Cramer,0.5962
2017-12-14,Jim Cramer,0.1531
2017-12-14,Bloomberg Markets,-0.5859
2017-12-14,Financial Times,-0.4404
2017-12-14,CNBC,0.25
2017-12-14,CNBC,0.2263
2017-12-14,CNNMoney,-0.5994
2017-12-14,Financial Times,0.1655
2017-12-14,Bloomberg Markets,0.4588
2017-12-14,CNNMoney,0.3818
2017-12-14,Financial Times,0.2263
2017-12-14,CNBC,-0.802
2017-12-14,The Motley Fool,0.0516
2017-12-14,Financial Times,0.3818
2017-12-14,CNBC,-0.4767
2017-12-14,CNBC,-0.34
2017-12-14,CNNMoney,-0.3182
2017-12-14,Financial Times,0.2023
2017-12-14,CNBC,0.4939
2017-12-14,Bloomberg Markets,0.0258
2017-12-14,Bloomberg Markets,-0.25
2017-12-14,Jim Cramer,0.7901
2017-12-14,Jim Cramer,0.3444
2017-12-14,Jim Cramer,0.5707
2017-12-14,CNBC,0.3612
2017-12-14,CNNMoney,0.6369
2017-12-14,Financial Times,0.3818
2017-12-14,Financial Times,0.0258
2017-12-14,CNBC,0.128
2017-12-14,CNBC,0.3182
2017-12-14,Bloomberg Markets,0.6369
2017-12-14,CNNMoney,0.4019
2017-12-14,Financial Times,-0.1531
2017-12-14,Financial Times,-0.296
2017-12-14,CNBC,0.3818
2017-12-14,Financial Times,0.3818
2017-12-14,CNBC,0.0772
2017-12-14,CNBC,-0.3716
2017-12-14,Financial Times,0.0258
2017-12-14,CNBC,0.6124
2017-12-14,CNBC,0.6124
2017-12-14,Financial Times,0.3818
2017-12-14,CNNMoney,0.3818
2017-12-14,CNNMoney,0.3612
2017-12-14,Financial Times,0.4019
2017-12-14,Financial Times,0.3818
2017-12-14,Financial Times,-0.2732
2017-12-14,Bloomberg Markets,-0.296
2017-12-14,Financial Times,0.34
2017-12-14,Financial Times,-0.3412
2017-12-14,Financial Times,0.2263
2017-12-14,CNBC,-0.4404
2017-12-14,Financial Times,-0.0772
2017-12-14,Financial Times,-0.3818
2017-12-14,Financial Times,-0.5574
2017-12-14,Financial Times,0.4939
2017-12-14,Financial Times,0.0258
2017-12-14,Financial Times,-0.4404
2017-12-14,Financial Times,-0.4215
2017-12-14,Bloomberg Markets,0.2263
2017-12-14,CNBC,-0.4019
2017-12-14,CNNMoney,0.6249
2017-12-14,Bloomberg Markets,0.3818
2017-12-14,Financial Times,0.3182
2017-12-14,Financial Times,0.4019
2017-12-14,Financial Times,0.128
2017-12-14,Jim Cramer,0.4588
2017-12-14,Jim Cramer,0.4199
2017-12-14,Financial Times,0.6249
2017-12-14,Financial Times,-0.128
2017-12-14,CNBC,0.2023
2017-12-14,Financial Times,-0.1027
2017-12-14,Financial Times,-0.1027
2017-12-14,Financial Times,0.3818
2017-12-14,Financial Times,-0.5267
2017-12-14,CNBC,0.6369
2017-12-14,CNBC,0.4939
2017-12-14,Financial Times,-0.4404
2017-12-14,Financial Times,-0.25
2017-12-14,Financial Times,0.3182
2017-12-14,Financial Times,0.5106
2017-12-14,Financial Times,0.4019
2017-12-14,Bloomberg Markets,-0.6249
2017-12-14,Jim Cramer,0.765
2017-12-14,Jim Cramer,0.6114
2017-12-14,Financial Times,-0.4215
2017-12-14,Financial Times,-0.2263
2017-12-14,CNBC,0.4588
2017-12-14,Financial Times,0.1531
2017-12-14,Bloomberg Markets,0.4588
2017-12-14,CNBC,0.3818
2017-12-14,Bloomberg Markets,0.2263
2017-12-14,CNBC,0.2732
2017-12-14,Financial Times,0.1779
2017-12-14,CNBC,0.4404
2017-12-14,CNBC,-0.2732
2017-12-14,Financial Times,-0.2732
2017-12-14,Financial Times,-0.1027
2017-12-14,Financial Times,-0.1027
2017-12-14,CNBC,0.4019
2017-12-14,Bloomberg Markets,0.4588
2017-12-14,Bloomberg Markets,0.25
2017-12-14,Financial Times,0.2023
2017-12-14,Financial Times,-0.4939
2017-12-14,Financial Times,-0.6124
2017-12-14,Financial Times,0.2023
2017-12-14,Financial Times,-0.0772
2017-12-14,Financial Times,0.5106
2017-12-14,CNBC,-0.5994
2017-12-14,CNBC,0.0772
2017-12-14,Financial Times,-0.1852
2017-12-14,Financial Times,0.3612
2017-12-14,CNBC,-0.4939
2017-12-14,CNBC,0.4754
2017-12-14,Financial Times,0.3818
2017-12-14,CNBC,0.0516
2017-12-14,Financial Times,-0.25
2017-12-14,CNBC,-0.3182
2017-12-14,CNBC,-0.8126
2017-12-14,CNBC,0.6369
2017-12-14,Financial Times,-0.5719
2017-12-14,CNBC,0.1779
2017-12-14,CNBC,0.1779
2017-12-14,The Motley Fool,0.7108
2017-12-14,CNBC,0.2732
2017-12-14,CNBC,0.0772
2017-12-14,Financial Times,-0.4019
2017-12-14,CNBC,0.2263
2017-12-14,CNBC,0.6369
2017-12-14,Financial Times,-0.5106
2017-12-14,CNBC,0.5106
2017-12-14,CNBC,-0.5994
2017-12-14,Bloomberg Markets,0.5267
2017-12-14,CNNMoney,0.1779
2017-12-14,CNBC,0.7351
2017-12-14,CNNMoney,0.6369
2017-12-14,Financial Times,-0.4404
2017-12-14,Financial Times,0.296
2017-12-14,Bloomberg Markets,0.5719
2017-12-14,Financial Times,-0.3182
2017-12-14,CNBC,-0.5267
2017-12-14,CNNMoney,0.2023
2017-12-14,Financial Times,0.4588
2017-12-14,Financial Times,0.4019
2017-12-14,CNBC,0.6478
2017-12-14,CNNMoney,0.7269
2017-12-14,WSJ Markets,0.296
2017-12-14,CNBC,0.4215
2017-12-14,CNBC,-0.25
2017-12-14,Jim Cramer,0.636
2017-12-14,Jim Cramer,-0.2732
2017-12-14,CNBC,0.4404
2017-12-14,CNBC,-0.5423
2017-12-14,The Motley Fool,0.4215
2017-12-14,Jim Cramer,0.2263
2017-12-14,CNBC,-0.296
2017-12-14,CNBC,0.8402
2017-12-14,Financial Times,-0.3818
2017-12-14,Justin Wolfers,0.5106
2017-12-14,CNBC,-0.4019
2017-12-14,CNBC,0.296
2017-12-14,CNNMoney,-0.4767
2017-12-14,CNBC,0.4767
2017-12-14,CNNMoney,0.4019
2017-12-14,CNBC,0.8176
2017-12-14,CNBC,-0.4019
2017-12-14,CNBC,0.296
2017-12-14,CNBC,0.6808
2017-12-14,Financial Times,-0.3612
2017-12-14,CNBC,-0.6997
2017-12-14,CNBC,-0.5423
2017-12-14,CNBC,0.4404
2017-12-14,CNBC,0.4939
2017-12-14,CNNMoney,0.4404
2017-12-14,CNBC,0.2023
2017-12-14,CNBC,0.4939
2017-12-14,CNBC,0.5256
2017-12-14,Bloomberg Markets,0.7783
2017-12-14,CNBC,0.34
2017-12-14,Financial Times,-0.4588
2017-12-14,Financial Times,0.5994
2017-12-14,WSJ Markets,-0.128
2017-12-14,Financial Times,-0.3818
2017-12-14,CNBC,-0.25
2017-12-14,The Motley Fool,-0.2411
2017-12-14,CNBC,-0.25
2017-12-14,Financial Times,0.4404
2017-12-14,Financial Times,-0.2924
2017-12-14,Bloomberg Markets,0.4201
2017-12-14,CNBC,0.7845
2017-12-14,CNBC,-0.1027
2017-12-14,CNBC,-0.1027
2017-12-14,Financial Times,-0.6908
2017-12-14,CNBC,0.6369
2017-12-14,CNBC,0.3612
2017-12-14,CNBC,0.5106
2017-12-14,Financial Times,-0.4215
2017-12-14,Financial Times,0.3612
2017-12-14,Bloomberg Markets,-0.2732
2017-12-14,Financial Times,-0.3182
2017-12-14,CNBC,0.34
2017-12-14,Financial Times,-0.0258
2017-12-14,CNBC,0.296
2017-12-14,CNBC,-0.7003
2017-12-14,The Motley Fool,0.2944
2017-12-14,CNNMoney,0.6633
2017-12-14,Bloomberg Markets,0.2732
2017-12-14,CNBC,0.128
2017-12-14,CNBC,-0.296
2017-12-14,CNNMoney,-0.1027
2017-12-14,CNBC,0.7906
2017-12-14,Financial Times,0.5994
2017-12-14,CNBC,-0.3182
2017-12-14,CNBC,0.3182
2017-12-14,Justin Wolfers,0.4019
2017-12-14,CNBC,0.5719
2017-12-14,CNBC,0.4854
2017-12-14,Paul Krugman,0.2023
2017-12-14,Financial Times,-0.1027
2017-12-14,Paul Krugman,-0.296
2017-12-14,Paul Krugman,-0.0772
2017-12-14,CNBC,0.2263
2017-12-14,CNNMoney,0.1779
2017-12-14,Financial Times,-0.6705
2017-12-14,CNBC,0.4588
2017-12-14,CNBC,-0.7003
2017-12-14,Bloomberg Markets,-0.6705
2017-12-14,CNBC,0.6369
2017-12-14,CNBC,0.1531
2017-12-14,Financial Times,-0.5719
2017-12-14,Financial Times,0.296
2017-12-14,CNBC,-0.3182
2017-12-14,CNNMoney,-0.128
2017-12-14,Jim Cramer,0.128
2017-12-14,CNBC,-0.128
2017-12-14,CNNMoney,-0.2732
2017-12-14,CNBC,-0.2732
2017-12-14,Jim Cramer,-0.4559
2017-12-14,CNBC,0.6124
2017-12-14,CNBC,0.3612
2017-12-14,Financial Times,0.6705
2017-12-14,Financial Times,0.296
2017-12-14,Bloomberg Markets,-0.3612
2017-12-14,CNNMoney,0.1531
2017-12-14,CNBC,0.3612
2017-12-14,CNBC,-0.0516
2017-12-14,Financial Times,0.3291
2017-12-14,CNBC,0.2732
2017-12-14,Justin Wolfers,0.5574
2017-12-14,CNBC,0.197
2017-12-14,The Motley Fool,-0.1511
2017-12-14,CNBC,0.3875
2017-12-14,Justin Wolfers,0.7783
2017-12-14,CNBC,0.3612
2017-12-14,CNBC,-0.4973
2017-12-14,CNBC,0.34
2017-12-14,CNBC,-0.2924
2017-12-14,Financial Times,0.4019
2017-12-14,Financial Times,-0.296
